Lage;Zeitpunkt der Messung;Wochentag;Fu�g�nger insgesamt;Temperatur in �c;Wetterlage;Fu�g�nger insgesamt Richtung Neumarkt;Fu�g�nger insgesamt Richtung Neuer Wall;Erwachsene;Kinder;Erwachsene Richtung Neumarkt;Erwachsene Richtung Neuer Wall;Kinder Richtung Neumarkt;Kinder Richtung Neuer Wall
Steinstra�e, Moers;2022-05-01 00:00:00 +0200;Sunday;0;;;0;0;0;0;0;0;0;0
Steinstra�e, Moers;2022-05-01 01:00:00 +0200;Sunday;0;;;0;0;0;0;0;0;0;0
Steinstra�e, Moers;2022-05-01 02:00:00 +0200;Sunday;0;;;0;0;0;0;0;0;0;0
Steinstra�e, Moers;2022-05-01 03:00:00 +0200;Sunday;0;;;0;0;0;0;0;0;0;0
Steinstra�e, Moers;2022-05-01 04:00:00 +0200;Sunday;0;;;0;0;0;0;0;0;0;0
Steinstra�e, Moers;2022-05-01 05:00:00 +0200;Sunday;0;;;0;0;0;0;0;0;0;0
Steinstra�e, Moers;2022-05-01 06:00:00 +0200;Sunday;0;;;0;0;0;0;0;0;0;0
Steinstra�e, Moers;2022-05-01 07:00:00 +0200;Sunday;0;;;0;0;0;0;0;0;0;0
Steinstra�e, Moers;2022-05-01 08:00:00 +0200;Sunday;0;;;0;0;0;0;0;0;0;0
Steinstra�e, Moers;2022-05-01 09:00:00 +0200;Sunday;0;;;0;0;0;0;0;0;0;0
Steinstra�e, Moers;2022-05-01 10:00:00 +0200;Sunday;0;;;0;0;0;0;0;0;0;0
Steinstra�e, Moers;2022-05-01 11:00:00 +0200;Sunday;0;;;0;0;0;0;0;0;0;0
Steinstra�e, Moers;2022-05-01 12:00:00 +0200;Sunday;0;;;0;0;0;0;0;0;0;0
Steinstra�e, Moers;2022-05-01 13:00:00 +0200;Sunday;0;;;0;0;0;0;0;0;0;0
Steinstra�e, Moers;2022-05-01 14:00:00 +0200;Sunday;0;;;0;0;0;0;0;0;0;0
Steinstra�e, Moers;2022-05-01 15:00:00 +0200;Sunday;0;;;0;0;0;0;0;0;0;0
Steinstra�e, Moers;2022-05-01 16:00:00 +0200;Sunday;0;;;0;0;0;0;0;0;0;0
Steinstra�e, Moers;2022-05-01 17:00:00 +0200;Sunday;0;;;0;0;0;0;0;0;0;0
Steinstra�e, Moers;2022-05-01 18:00:00 +0200;Sunday;0;;;0;0;0;0;0;0;0;0
Steinstra�e, Moers;2022-05-01 19:00:00 +0200;Sunday;0;;;0;0;0;0;0;0;0;0
Steinstra�e, Moers;2022-05-01 20:00:00 +0200;Sunday;0;;;0;0;0;0;0;0;0;0
Steinstra�e, Moers;2022-05-01 21:00:00 +0200;Sunday;0;;;0;0;0;0;0;0;0;0
Steinstra�e, Moers;2022-05-01 22:00:00 +0200;Sunday;0;;;0;0;0;0;0;0;0;0
Steinstra�e, Moers;2022-05-01 23:00:00 +0200;Sunday;0;;;0;0;0;0;0;0;0;0
Steinstra�e, Moers;2022-05-02 00:00:00 +0200;Monday;0;;;0;0;0;0;0;0;0;0
Steinstra�e, Moers;2022-05-02 01:00:00 +0200;Monday;0;;;0;0;0;0;0;0;0;0
Steinstra�e, Moers;2022-05-02 02:00:00 +0200;Monday;0;;;0;0;0;0;0;0;0;0
Steinstra�e, Moers;2022-05-02 03:00:00 +0200;Monday;0;;;0;0;0;0;0;0;0;0
Steinstra�e, Moers;2022-05-02 04:00:00 +0200;Monday;0;;;0;0;0;0;0;0;0;0
Steinstra�e, Moers;2022-05-02 05:00:00 +0200;Monday;0;;;0;0;0;0;0;0;0;0
Steinstra�e, Moers;2022-05-02 06:00:00 +0200;Monday;0;;;0;0;0;0;0;0;0;0
Steinstra�e, Moers;2022-05-02 07:00:00 +0200;Monday;0;;;0;0;0;0;0;0;0;0
Steinstra�e, Moers;2022-05-02 08:00:00 +0200;Monday;0;;;0;0;0;0;0;0;0;0
Steinstra�e, Moers;2022-05-02 09:00:00 +0200;Monday;0;;;0;0;0;0;0;0;0;0
Steinstra�e, Moers;2022-05-02 10:00:00 +0200;Monday;0;;;0;0;0;0;0;0;0;0
Steinstra�e, Moers;2022-05-02 11:00:00 +0200;Monday;0;;;0;0;0;0;0;0;0;0
Steinstra�e, Moers;2022-05-02 12:00:00 +0200;Monday;0;;;0;0;0;0;0;0;0;0
Steinstra�e, Moers;2022-05-02 13:00:00 +0200;Monday;0;;;0;0;0;0;0;0;0;0
Steinstra�e, Moers;2022-05-02 14:00:00 +0200;Monday;0;;;0;0;0;0;0;0;0;0
Steinstra�e, Moers;2022-05-02 15:00:00 +0200;Monday;0;;;0;0;0;0;0;0;0;0
Steinstra�e, Moers;2022-05-02 16:00:00 +0200;Monday;0;;;0;0;0;0;0;0;0;0
Steinstra�e, Moers;2022-05-02 17:00:00 +0200;Monday;0;;;0;0;0;0;0;0;0;0
Steinstra�e, Moers;2022-05-02 18:00:00 +0200;Monday;0;;;0;0;0;0;0;0;0;0
Steinstra�e, Moers;2022-05-02 19:00:00 +0200;Monday;0;;;0;0;0;0;0;0;0;0
Steinstra�e, Moers;2022-05-02 20:00:00 +0200;Monday;0;;;0;0;0;0;0;0;0;0
Steinstra�e, Moers;2022-05-02 21:00:00 +0200;Monday;0;;;0;0;0;0;0;0;0;0
Steinstra�e, Moers;2022-05-02 22:00:00 +0200;Monday;0;;;0;0;0;0;0;0;0;0
Steinstra�e, Moers;2022-05-02 23:00:00 +0200;Monday;0;;;0;0;0;0;0;0;0;0
Steinstra�e, Moers;2022-05-03 00:00:00 +0200;Tuesday;0;;;0;0;0;0;0;0;0;0
Steinstra�e, Moers;2022-05-03 01:00:00 +0200;Tuesday;0;;;0;0;0;0;0;0;0;0
Steinstra�e, Moers;2022-05-03 02:00:00 +0200;Tuesday;0;;;0;0;0;0;0;0;0;0
Steinstra�e, Moers;2022-05-03 03:00:00 +0200;Tuesday;0;;;0;0;0;0;0;0;0;0
Steinstra�e, Moers;2022-05-03 04:00:00 +0200;Tuesday;0;;;0;0;0;0;0;0;0;0
Steinstra�e, Moers;2022-05-03 05:00:00 +0200;Tuesday;0;;;0;0;0;0;0;0;0;0
Steinstra�e, Moers;2022-05-03 06:00:00 +0200;Tuesday;0;;;0;0;0;0;0;0;0;0
Steinstra�e, Moers;2022-05-03 07:00:00 +0200;Tuesday;0;;;0;0;0;0;0;0;0;0
Steinstra�e, Moers;2022-05-03 08:00:00 +0200;Tuesday;0;;;0;0;0;0;0;0;0;0
Steinstra�e, Moers;2022-05-03 09:00:00 +0200;Tuesday;0;;;0;0;0;0;0;0;0;0
Steinstra�e, Moers;2022-05-03 10:00:00 +0200;Tuesday;0;;;0;0;0;0;0;0;0;0
Steinstra�e, Moers;2022-05-03 11:00:00 +0200;Tuesday;0;;;0;0;0;0;0;0;0;0
Steinstra�e, Moers;2022-05-03 12:00:00 +0200;Tuesday;0;;;0;0;0;0;0;0;0;0
Steinstra�e, Moers;2022-05-03 13:00:00 +0200;Tuesday;0;;;0;0;0;0;0;0;0;0
Steinstra�e, Moers;2022-05-03 14:00:00 +0200;Tuesday;0;;;0;0;0;0;0;0;0;0
Steinstra�e, Moers;2022-05-03 15:00:00 +0200;Tuesday;0;;;0;0;0;0;0;0;0;0
Steinstra�e, Moers;2022-05-03 16:00:00 +0200;Tuesday;0;;;0;0;0;0;0;0;0;0
Steinstra�e, Moers;2022-05-03 17:00:00 +0200;Tuesday;0;;;0;0;0;0;0;0;0;0
Steinstra�e, Moers;2022-05-03 18:00:00 +0200;Tuesday;0;;;0;0;0;0;0;0;0;0
Steinstra�e, Moers;2022-05-03 19:00:00 +0200;Tuesday;0;;;0;0;0;0;0;0;0;0
Steinstra�e, Moers;2022-05-03 20:00:00 +0200;Tuesday;0;;;0;0;0;0;0;0;0;0
Steinstra�e, Moers;2022-05-03 21:00:00 +0200;Tuesday;0;;;0;0;0;0;0;0;0;0
Steinstra�e, Moers;2022-05-03 22:00:00 +0200;Tuesday;0;;;0;0;0;0;0;0;0;0
Steinstra�e, Moers;2022-05-03 23:00:00 +0200;Tuesday;0;;;0;0;0;0;0;0;0;0
Steinstra�e, Moers;2022-05-04 00:00:00 +0200;Wednesday;0;;;0;0;0;0;0;0;0;0
Steinstra�e, Moers;2022-05-04 01:00:00 +0200;Wednesday;0;;;0;0;0;0;0;0;0;0
Steinstra�e, Moers;2022-05-04 02:00:00 +0200;Wednesday;0;;;0;0;0;0;0;0;0;0
Steinstra�e, Moers;2022-05-04 03:00:00 +0200;Wednesday;0;;;0;0;0;0;0;0;0;0
Steinstra�e, Moers;2022-05-04 04:00:00 +0200;Wednesday;0;;;0;0;0;0;0;0;0;0
Steinstra�e, Moers;2022-05-04 05:00:00 +0200;Wednesday;0;;;0;0;0;0;0;0;0;0
Steinstra�e, Moers;2022-05-04 06:00:00 +0200;Wednesday;0;;;0;0;0;0;0;0;0;0
Steinstra�e, Moers;2022-05-04 07:00:00 +0200;Wednesday;0;;;0;0;0;0;0;0;0;0
Steinstra�e, Moers;2022-05-04 08:00:00 +0200;Wednesday;0;;;0;0;0;0;0;0;0;0
Steinstra�e, Moers;2022-05-04 09:00:00 +0200;Wednesday;0;;;0;0;0;0;0;0;0;0
Steinstra�e, Moers;2022-05-04 10:00:00 +0200;Wednesday;0;;;0;0;0;0;0;0;0;0
Steinstra�e, Moers;2022-05-04 11:00:00 +0200;Wednesday;0;;;0;0;0;0;0;0;0;0
Steinstra�e, Moers;2022-05-04 12:00:00 +0200;Wednesday;0;;;0;0;0;0;0;0;0;0
Steinstra�e, Moers;2022-05-04 13:00:00 +0200;Wednesday;0;;;0;0;0;0;0;0;0;0
Steinstra�e, Moers;2022-05-04 14:00:00 +0200;Wednesday;0;;;0;0;0;0;0;0;0;0
Steinstra�e, Moers;2022-05-04 15:00:00 +0200;Wednesday;0;;;0;0;0;0;0;0;0;0
Steinstra�e, Moers;2022-05-04 16:00:00 +0200;Wednesday;0;;;0;0;0;0;0;0;0;0
Steinstra�e, Moers;2022-05-04 17:00:00 +0200;Wednesday;0;;;0;0;0;0;0;0;0;0
Steinstra�e, Moers;2022-05-04 18:00:00 +0200;Wednesday;0;;;0;0;0;0;0;0;0;0
Steinstra�e, Moers;2022-05-04 19:00:00 +0200;Wednesday;0;;;0;0;0;0;0;0;0;0
Steinstra�e, Moers;2022-05-04 20:00:00 +0200;Wednesday;0;;;0;0;0;0;0;0;0;0
Steinstra�e, Moers;2022-05-04 21:00:00 +0200;Wednesday;0;;;0;0;0;0;0;0;0;0
Steinstra�e, Moers;2022-05-04 22:00:00 +0200;Wednesday;0;;;0;0;0;0;0;0;0;0
Steinstra�e, Moers;2022-05-04 23:00:00 +0200;Wednesday;0;;;0;0;0;0;0;0;0;0
Steinstra�e, Moers;2022-05-05 00:00:00 +0200;Thursday;12;10;partly-cloudy-night;6;6;12;0;6;6;0;0
Steinstra�e, Moers;2022-05-05 01:00:00 +0200;Thursday;5;10;partly-cloudy-night;2;3;5;0;2;3;0;0
Steinstra�e, Moers;2022-05-05 02:00:00 +0200;Thursday;30;9;partly-cloudy-night;13;17;28;2;12;16;1;1
Steinstra�e, Moers;2022-05-05 03:00:00 +0200;Thursday;0;9;cloudy;0;0;0;0;0;0;0;0
Steinstra�e, Moers;2022-05-05 04:00:00 +0200;Thursday;8;8;cloudy;2;6;8;0;2;6;0;0
Steinstra�e, Moers;2022-05-05 05:00:00 +0200;Thursday;16;8;partly-cloudy-night;8;8;16;0;8;8;0;0
Steinstra�e, Moers;2022-05-05 06:00:00 +0200;Thursday;49;8;partly-cloudy-night;26;23;46;3;26;20;0;3
Steinstra�e, Moers;2022-05-05 07:00:00 +0200;Thursday;128;8;cloudy;70;58;122;6;66;56;4;2
Steinstra�e, Moers;2022-05-05 08:00:00 +0200;Thursday;351;10;cloudy;183;168;341;10;179;162;4;6
Steinstra�e, Moers;2022-05-05 09:00:00 +0200;Thursday;686;12;cloudy;340;346;660;26;326;334;14;12
Steinstra�e, Moers;2022-05-05 10:00:00 +0200;Thursday;1128;14;cloudy;580;548;1079;49;554;525;26;23
Steinstra�e, Moers;2022-05-05 11:00:00 +0200;Thursday;1373;15;partly-cloudy-day;705;668;1299;74;667;632;38;36
Steinstra�e, Moers;2022-05-05 12:00:00 +0200;Thursday;1437;16;partly-cloudy-day;678;759;1395;42;659;736;19;23
Steinstra�e, Moers;2022-05-05 13:00:00 +0200;Thursday;1492;17;partly-cloudy-day;769;723;1440;52;734;706;35;17
Steinstra�e, Moers;2022-05-05 14:00:00 +0200;Thursday;1317;18;partly-cloudy-day;674;643;1271;46;647;624;27;19
Steinstra�e, Moers;2022-05-05 15:00:00 +0200;Thursday;1511;18;partly-cloudy-day;744;767;1456;55;710;746;34;21
Steinstra�e, Moers;2022-05-05 16:00:00 +0200;Thursday;1671;19;partly-cloudy-day;843;828;1580;91;787;793;56;35
Steinstra�e, Moers;2022-05-05 17:00:00 +0200;Thursday;1493;20;partly-cloudy-day;753;740;1417;76;705;712;48;28
Steinstra�e, Moers;2022-05-05 18:00:00 +0200;Thursday;993;20;partly-cloudy-day;531;462;954;39;514;440;17;22
Steinstra�e, Moers;2022-05-05 19:00:00 +0200;Thursday;363;19;partly-cloudy-day;157;206;354;9;151;203;6;3
Steinstra�e, Moers;2022-05-05 20:00:00 +0200;Thursday;153;19;partly-cloudy-day;79;74;150;3;77;73;2;1
Steinstra�e, Moers;2022-05-05 21:00:00 +0200;Thursday;115;17;partly-cloudy-night;62;53;113;2;62;51;0;2
Steinstra�e, Moers;2022-05-05 22:00:00 +0200;Thursday;75;15;partly-cloudy-night;28;47;73;2;27;46;1;1
Steinstra�e, Moers;2022-05-05 23:00:00 +0200;Thursday;29;14;partly-cloudy-night;10;19;29;0;10;19;0;0
Steinstra�e, Moers;2022-05-06 00:00:00 +0200;Friday;9;13;partly-cloudy-night;1;8;9;0;1;8;0;0
Steinstra�e, Moers;2022-05-06 01:00:00 +0200;Friday;5;12;partly-cloudy-night;1;4;5;0;1;4;0;0
Steinstra�e, Moers;2022-05-06 02:00:00 +0200;Friday;2;12;partly-cloudy-night;2;0;2;0;2;0;0;0
Steinstra�e, Moers;2022-05-06 03:00:00 +0200;Friday;4;11;partly-cloudy-night;2;2;4;0;2;2;0;0
Steinstra�e, Moers;2022-05-06 04:00:00 +0200;Friday;8;9;partly-cloudy-night;2;6;8;0;2;6;0;0
Steinstra�e, Moers;2022-05-06 05:00:00 +0200;Friday;20;9;partly-cloudy-night;12;8;20;0;12;8;0;0
Steinstra�e, Moers;2022-05-06 06:00:00 +0200;Friday;54;9;partly-cloudy-night;32;22;53;1;31;22;1;0
Steinstra�e, Moers;2022-05-06 07:00:00 +0200;Friday;195;9;partly-cloudy-day;101;94;186;9;97;89;4;5
Steinstra�e, Moers;2022-05-06 08:00:00 +0200;Friday;456;10;partly-cloudy-day;240;216;441;15;235;206;5;10
Steinstra�e, Moers;2022-05-06 09:00:00 +0200;Friday;1052;13;partly-cloudy-day;527;525;1005;47;503;502;24;23
Steinstra�e, Moers;2022-05-06 10:00:00 +0200;Friday;1820;15;partly-cloudy-day;904;916;1717;103;864;853;40;63
Steinstra�e, Moers;2022-05-06 11:00:00 +0200;Friday;2074;17;partly-cloudy-day;1067;1007;1976;98;1011;965;56;42
Steinstra�e, Moers;2022-05-06 12:00:00 +0200;Friday;1830;19;partly-cloudy-day;881;949;1742;88;836;906;45;43
Steinstra�e, Moers;2022-05-06 13:00:00 +0200;Friday;1689;19;partly-cloudy-day;819;870;1622;67;786;836;33;34
Steinstra�e, Moers;2022-05-06 14:00:00 +0200;Friday;1421;20;partly-cloudy-day;698;723;1363;58;668;695;30;28
Steinstra�e, Moers;2022-05-06 15:00:00 +0200;Friday;1531;21;partly-cloudy-day;745;786;1476;55;715;761;30;25
Steinstra�e, Moers;2022-05-06 16:00:00 +0200;Friday;1868;21;partly-cloudy-day;982;886;1775;93;930;845;52;41
Steinstra�e, Moers;2022-05-06 17:00:00 +0200;Friday;1819;20;partly-cloudy-day;959;860;1723;96;910;813;49;47
Steinstra�e, Moers;2022-05-06 18:00:00 +0200;Friday;1363;21;partly-cloudy-day;754;609;1321;42;728;593;26;16
Steinstra�e, Moers;2022-05-06 19:00:00 +0200;Friday;699;20;partly-cloudy-day;365;334;671;28;354;317;11;17
Steinstra�e, Moers;2022-05-06 20:00:00 +0200;Friday;552;19;partly-cloudy-day;291;261;539;13;283;256;8;5
Steinstra�e, Moers;2022-05-06 21:00:00 +0200;Friday;354;18;partly-cloudy-night;164;190;339;15;156;183;8;7
Steinstra�e, Moers;2022-05-06 22:00:00 +0200;Friday;299;16;partly-cloudy-night;101;198;297;2;101;196;0;2
Steinstra�e, Moers;2022-05-06 23:00:00 +0200;Friday;130;15;clear-night;35;95;130;0;35;95;0;0
Steinstra�e, Moers;2022-05-07 00:00:00 +0200;Saturday;53;14;clear-night;12;41;53;0;12;41;0;0
Steinstra�e, Moers;2022-05-07 01:00:00 +0200;Saturday;40;13;partly-cloudy-night;11;29;39;1;11;28;0;1
Steinstra�e, Moers;2022-05-07 02:00:00 +0200;Saturday;19;12;partly-cloudy-night;11;8;18;1;10;8;1;0
Steinstra�e, Moers;2022-05-07 03:00:00 +0200;Saturday;13;12;cloudy;3;10;13;0;3;10;0;0
Steinstra�e, Moers;2022-05-07 04:00:00 +0200;Saturday;7;11;cloudy;1;6;7;0;1;6;0;0
Steinstra�e, Moers;2022-05-07 05:00:00 +0200;Saturday;8;10;cloudy;6;2;8;0;6;2;0;0
Steinstra�e, Moers;2022-05-07 06:00:00 +0200;Saturday;19;10;cloudy;16;3;18;1;15;3;1;0
Steinstra�e, Moers;2022-05-07 07:00:00 +0200;Saturday;38;10;cloudy;25;13;36;2;24;12;1;1
Steinstra�e, Moers;2022-05-07 08:00:00 +0200;Saturday;107;12;cloudy;60;47;100;7;55;45;5;2
Steinstra�e, Moers;2022-05-07 09:00:00 +0200;Saturday;417;14;cloudy;231;186;397;20;222;175;9;11
Steinstra�e, Moers;2022-05-07 10:00:00 +0200;Saturday;1212;16;cloudy;617;595;1163;49;586;577;31;18
Steinstra�e, Moers;2022-05-07 11:00:00 +0200;Saturday;2014;17;cloudy;1026;988;1916;98;970;946;56;42
Steinstra�e, Moers;2022-05-07 12:00:00 +0200;Saturday;2509;19;cloudy;1313;1196;2404;105;1254;1150;59;46
Steinstra�e, Moers;2022-05-07 13:00:00 +0200;Saturday;2691;20;cloudy;1328;1363;2575;116;1264;1311;64;52
Steinstra�e, Moers;2022-05-07 14:00:00 +0200;Saturday;2518;21;cloudy;1309;1209;2414;104;1244;1170;65;39
Steinstra�e, Moers;2022-05-07 15:00:00 +0200;Saturday;2793;22;partly-cloudy-day;1433;1360;2664;129;1360;1304;73;56
Steinstra�e, Moers;2022-05-07 16:00:00 +0200;Saturday;2681;22;partly-cloudy-day;1339;1342;2566;115;1277;1289;62;53
Steinstra�e, Moers;2022-05-07 17:00:00 +0200;Saturday;2246;22;partly-cloudy-day;1143;1103;2159;87;1097;1062;46;41
Steinstra�e, Moers;2022-05-07 18:00:00 +0200;Saturday;1478;21;partly-cloudy-day;817;661;1430;48;792;638;25;23
Steinstra�e, Moers;2022-05-07 19:00:00 +0200;Saturday;778;20;partly-cloudy-day;393;385;759;19;382;377;11;8
Steinstra�e, Moers;2022-05-07 20:00:00 +0200;Saturday;490;18;partly-cloudy-day;242;248;482;8;239;243;3;5
Steinstra�e, Moers;2022-05-07 21:00:00 +0200;Saturday;372;17;partly-cloudy-day;154;218;366;6;148;218;6;0
Steinstra�e, Moers;2022-05-07 22:00:00 +0200;Saturday;264;16;partly-cloudy-night;83;181;263;1;83;180;0;1
Steinstra�e, Moers;2022-05-07 23:00:00 +0200;Saturday;123;15;partly-cloudy-night;29;94;122;1;28;94;1;0
Steinstra�e, Moers;2022-05-08 00:00:00 +0200;Sunday;72;14;partly-cloudy-night;20;52;69;3;20;49;0;3
Steinstra�e, Moers;2022-05-08 01:00:00 +0200;Sunday;37;13;partly-cloudy-night;12;25;36;1;12;24;0;1
Steinstra�e, Moers;2022-05-08 02:00:00 +0200;Sunday;4;12;partly-cloudy-night;2;2;4;0;2;2;0;0
Steinstra�e, Moers;2022-05-08 03:00:00 +0200;Sunday;2;11;partly-cloudy-night;0;2;2;0;0;2;0;0
Steinstra�e, Moers;2022-05-08 04:00:00 +0200;Sunday;0;10;partly-cloudy-night;0;0;0;0;0;0;0;0
Steinstra�e, Moers;2022-05-08 05:00:00 +0200;Sunday;5;9;partly-cloudy-night;2;3;5;0;2;3;0;0
Steinstra�e, Moers;2022-05-08 06:00:00 +0200;Sunday;3;8;partly-cloudy-day;1;2;3;0;1;2;0;0
Steinstra�e, Moers;2022-05-08 07:00:00 +0200;Sunday;25;8;partly-cloudy-day;14;11;25;0;14;11;0;0
Steinstra�e, Moers;2022-05-08 08:00:00 +0200;Sunday;59;9;partly-cloudy-day;38;21;55;4;36;19;2;2
Steinstra�e, Moers;2022-05-08 09:00:00 +0200;Sunday;125;11;partly-cloudy-day;71;54;120;5;68;52;3;2
Steinstra�e, Moers;2022-05-08 10:00:00 +0200;Sunday;177;13;partly-cloudy-day;100;77;166;11;95;71;5;6
Steinstra�e, Moers;2022-05-08 11:00:00 +0200;Sunday;310;14;clear-day;186;124;296;14;178;118;8;6
Steinstra�e, Moers;2022-05-08 12:00:00 +0200;Sunday;449;15;clear-day;248;201;424;25;236;188;12;13
Steinstra�e, Moers;2022-05-08 13:00:00 +0200;Sunday;697;17;clear-day;370;327;659;38;347;312;23;15
Steinstra�e, Moers;2022-05-08 14:00:00 +0200;Sunday;833;17;clear-day;431;402;800;33;421;379;10;23
Steinstra�e, Moers;2022-05-08 15:00:00 +0200;Sunday;958;18;clear-day;504;454;903;55;478;425;26;29
Steinstra�e, Moers;2022-05-08 16:00:00 +0200;Sunday;937;19;clear-day;478;459;881;56;448;433;30;26
Steinstra�e, Moers;2022-05-08 17:00:00 +0200;Sunday;828;20;clear-day;412;416;770;58;383;387;29;29
Steinstra�e, Moers;2022-05-08 18:00:00 +0200;Sunday;657;19;clear-day;259;398;635;22;250;385;9;13
Steinstra�e, Moers;2022-05-08 19:00:00 +0200;Sunday;398;19;clear-day;160;238;386;12;156;230;4;8
Steinstra�e, Moers;2022-05-08 20:00:00 +0200;Sunday;259;18;clear-day;97;162;248;11;92;156;5;6
Steinstra�e, Moers;2022-05-08 21:00:00 +0200;Sunday;114;16;clear-day;41;73;114;0;41;73;0;0
Steinstra�e, Moers;2022-05-08 22:00:00 +0200;Sunday;61;14;clear-night;19;42;59;2;18;41;1;1
Steinstra�e, Moers;2022-05-08 23:00:00 +0200;Sunday;15;12;clear-night;8;7;15;0;8;7;0;0
Steinstra�e, Moers;2022-05-09 00:00:00 +0200;Monday;2;11;clear-night;1;1;2;0;1;1;0;0
Steinstra�e, Moers;2022-05-09 01:00:00 +0200;Monday;12;10;clear-night;8;4;12;0;8;4;0;0
Steinstra�e, Moers;2022-05-09 02:00:00 +0200;Monday;1;9;clear-night;0;1;1;0;0;1;0;0
Steinstra�e, Moers;2022-05-09 03:00:00 +0200;Monday;3;9;clear-night;0;3;3;0;0;3;0;0
Steinstra�e, Moers;2022-05-09 04:00:00 +0200;Monday;9;8;clear-night;1;8;9;0;1;8;0;0
Steinstra�e, Moers;2022-05-09 05:00:00 +0200;Monday;15;7;clear-night;8;7;14;1;7;7;1;0
Steinstra�e, Moers;2022-05-09 06:00:00 +0200;Monday;45;8;clear-day;27;18;44;1;26;18;1;0
Steinstra�e, Moers;2022-05-09 07:00:00 +0200;Monday;153;8;clear-day;80;73;147;6;77;70;3;3
Steinstra�e, Moers;2022-05-09 08:00:00 +0200;Monday;305;11;clear-day;158;147;291;14;148;143;10;4
Steinstra�e, Moers;2022-05-09 09:00:00 +0200;Monday;723;14;clear-day;397;326;695;28;387;308;10;18
Steinstra�e, Moers;2022-05-09 10:00:00 +0200;Monday;1133;17;clear-day;553;580;1069;64;527;542;26;38
Steinstra�e, Moers;2022-05-09 11:00:00 +0200;Monday;1412;19;clear-day;686;726;1324;88;641;683;45;43
Steinstra�e, Moers;2022-05-09 12:00:00 +0200;Monday;1381;20;clear-day;697;684;1329;52;669;660;28;24
Steinstra�e, Moers;2022-05-09 13:00:00 +0200;Monday;1264;22;clear-day;657;607;1218;46;630;588;27;19
Steinstra�e, Moers;2022-05-09 14:00:00 +0200;Monday;1167;23;clear-day;589;578;1106;61;551;555;38;23
Steinstra�e, Moers;2022-05-09 15:00:00 +0200;Monday;1227;24;clear-day;604;623;1167;60;578;589;26;34
Steinstra�e, Moers;2022-05-09 16:00:00 +0200;Monday;1384;24;clear-day;704;680;1310;74;665;645;39;35
Steinstra�e, Moers;2022-05-09 17:00:00 +0200;Monday;1299;25;partly-cloudy-day;651;648;1232;67;617;615;34;33
Steinstra�e, Moers;2022-05-09 18:00:00 +0200;Monday;894;25;clear-day;500;394;860;34;476;384;24;10
Steinstra�e, Moers;2022-05-09 19:00:00 +0200;Monday;474;25;clear-day;252;222;454;20;244;210;8;12
Steinstra�e, Moers;2022-05-09 20:00:00 +0200;Monday;191;23;partly-cloudy-day;104;87;183;8;99;84;5;3
Steinstra�e, Moers;2022-05-09 21:00:00 +0200;Monday;151;21;cloudy;47;104;147;4;47;100;0;4
Steinstra�e, Moers;2022-05-09 22:00:00 +0200;Monday;58;19;partly-cloudy-night;14;44;58;0;14;44;0;0
Steinstra�e, Moers;2022-05-09 23:00:00 +0200;Monday;27;18;partly-cloudy-night;11;16;26;1;11;15;0;1
Steinstra�e, Moers;2022-05-10 00:00:00 +0200;Tuesday;14;17;partly-cloudy-night;6;8;14;0;6;8;0;0
Steinstra�e, Moers;2022-05-10 01:00:00 +0200;Tuesday;3;17;cloudy;1;2;3;0;1;2;0;0
Steinstra�e, Moers;2022-05-10 02:00:00 +0200;Tuesday;0;15;partly-cloudy-night;0;0;0;0;0;0;0;0
Steinstra�e, Moers;2022-05-10 03:00:00 +0200;Tuesday;6;15;partly-cloudy-night;2;4;6;0;2;4;0;0
Steinstra�e, Moers;2022-05-10 04:00:00 +0200;Tuesday;4;14;cloudy;0;4;4;0;0;4;0;0
Steinstra�e, Moers;2022-05-10 05:00:00 +0200;Tuesday;21;13;cloudy;12;9;21;0;12;9;0;0
Steinstra�e, Moers;2022-05-10 06:00:00 +0200;Tuesday;40;13;cloudy;26;14;38;2;25;13;1;1
Steinstra�e, Moers;2022-05-10 07:00:00 +0200;Tuesday;209;13;cloudy;111;98;204;5;110;94;1;4
Steinstra�e, Moers;2022-05-10 08:00:00 +0200;Tuesday;407;15;cloudy;236;171;390;17;224;166;12;5
Steinstra�e, Moers;2022-05-10 09:00:00 +0200;Tuesday;797;18;cloudy;415;382;763;34;398;365;17;17
Steinstra�e, Moers;2022-05-10 10:00:00 +0200;Tuesday;1480;21;cloudy;768;712;1413;67;732;681;36;31
Steinstra�e, Moers;2022-05-10 11:00:00 +0200;Tuesday;1669;23;cloudy;866;803;1577;92;810;767;56;36
Steinstra�e, Moers;2022-05-10 12:00:00 +0200;Tuesday;1588;24;cloudy;788;800;1521;67;753;768;35;32
Steinstra�e, Moers;2022-05-10 13:00:00 +0200;Tuesday;1364;24;cloudy;674;690;1318;46;649;669;25;21
Steinstra�e, Moers;2022-05-10 14:00:00 +0200;Tuesday;1111;24;cloudy;539;572;1065;46;519;546;20;26
Steinstra�e, Moers;2022-05-10 15:00:00 +0200;Tuesday;1258;26;cloudy;624;634;1190;68;590;600;34;34
Steinstra�e, Moers;2022-05-10 16:00:00 +0200;Tuesday;1471;26;cloudy;741;730;1361;110;672;689;69;41
Steinstra�e, Moers;2022-05-10 17:00:00 +0200;Tuesday;1281;25;cloudy;607;674;1206;75;565;641;42;33
Steinstra�e, Moers;2022-05-10 18:00:00 +0200;Tuesday;905;25;partly-cloudy-day;493;412;873;32;474;399;19;13
Steinstra�e, Moers;2022-05-10 19:00:00 +0200;Tuesday;370;25;partly-cloudy-day;182;188;358;12;177;181;5;7
Steinstra�e, Moers;2022-05-10 20:00:00 +0200;Tuesday;219;24;cloudy;102;117;209;10;96;113;6;4
Steinstra�e, Moers;2022-05-10 21:00:00 +0200;Tuesday;141;22;cloudy;49;92;141;0;49;92;0;0
Steinstra�e, Moers;2022-05-10 22:00:00 +0200;Tuesday;70;20;cloudy;24;46;70;0;24;46;0;0
Steinstra�e, Moers;2022-05-10 23:00:00 +0200;Tuesday;12;19;cloudy;4;8;12;0;4;8;0;0
Steinstra�e, Moers;2022-05-11 00:00:00 +0200;Wednesday;5;18;cloudy;3;2;4;1;3;1;0;1
Steinstra�e, Moers;2022-05-11 01:00:00 +0200;Wednesday;9;18;cloudy;7;2;9;0;7;2;0;0
Steinstra�e, Moers;2022-05-11 02:00:00 +0200;Wednesday;4;17;cloudy;3;1;4;0;3;1;0;0
Steinstra�e, Moers;2022-05-11 03:00:00 +0200;Wednesday;8;16;cloudy;5;3;8;0;5;3;0;0
Steinstra�e, Moers;2022-05-11 04:00:00 +0200;Wednesday;6;15;cloudy;1;5;6;0;1;5;0;0
Steinstra�e, Moers;2022-05-11 05:00:00 +0200;Wednesday;14;15;partly-cloudy-night;8;6;14;0;8;6;0;0
Steinstra�e, Moers;2022-05-11 06:00:00 +0200;Wednesday;61;14;partly-cloudy-day;34;27;57;4;32;25;2;2
Steinstra�e, Moers;2022-05-11 07:00:00 +0200;Wednesday;153;15;partly-cloudy-day;72;81;145;8;67;78;5;3
Steinstra�e, Moers;2022-05-11 08:00:00 +0200;Wednesday;321;17;partly-cloudy-day;170;151;312;9;166;146;4;5
Steinstra�e, Moers;2022-05-11 09:00:00 +0200;Wednesday;680;18;clear-day;350;330;644;36;331;313;19;17
Steinstra�e, Moers;2022-05-11 10:00:00 +0200;Wednesday;1075;19;clear-day;524;551;1025;50;494;531;30;20
Steinstra�e, Moers;2022-05-11 11:00:00 +0200;Wednesday;1404;20;clear-day;726;678;1334;70;680;654;46;24
Steinstra�e, Moers;2022-05-11 12:00:00 +0200;Wednesday;1382;21;clear-day;694;688;1303;79;656;647;38;41
Steinstra�e, Moers;2022-05-11 13:00:00 +0200;Wednesday;1424;22;partly-cloudy-day;717;707;1355;69;680;675;37;32
Steinstra�e, Moers;2022-05-11 14:00:00 +0200;Wednesday;1224;23;partly-cloudy-day;566;658;1180;44;545;635;21;23
Steinstra�e, Moers;2022-05-11 15:00:00 +0200;Wednesday;1411;24;partly-cloudy-day;722;689;1343;68;678;665;44;24
Steinstra�e, Moers;2022-05-11 16:00:00 +0200;Wednesday;1451;25;partly-cloudy-day;746;705;1370;81;698;672;48;33
Steinstra�e, Moers;2022-05-11 17:00:00 +0200;Wednesday;1398;25;partly-cloudy-day;701;697;1345;53;674;671;27;26
Steinstra�e, Moers;2022-05-11 18:00:00 +0200;Wednesday;998;25;partly-cloudy-day;495;503;957;41;474;483;21;20
Steinstra�e, Moers;2022-05-11 19:00:00 +0200;Wednesday;418;24;partly-cloudy-day;206;212;400;18;193;207;13;5
Steinstra�e, Moers;2022-05-11 20:00:00 +0200;Wednesday;189;22;partly-cloudy-day;90;99;185;4;88;97;2;2
Steinstra�e, Moers;2022-05-11 21:00:00 +0200;Wednesday;117;21;partly-cloudy-day;42;75;114;3;41;73;1;2
Steinstra�e, Moers;2022-05-11 22:00:00 +0200;Wednesday;85;20;partly-cloudy-night;40;45;85;0;40;45;0;0
Steinstra�e, Moers;2022-05-11 23:00:00 +0200;Wednesday;17;18;partly-cloudy-night;9;8;17;0;9;8;0;0
Steinstra�e, Moers;2022-05-12 00:00:00 +0200;Thursday;14;18;partly-cloudy-night;7;7;13;1;6;7;1;0
Steinstra�e, Moers;2022-05-12 01:00:00 +0200;Thursday;0;17;partly-cloudy-night;0;0;0;0;0;0;0;0
Steinstra�e, Moers;2022-05-12 02:00:00 +0200;Thursday;10;16;cloudy;5;5;10;0;5;5;0;0
Steinstra�e, Moers;2022-05-12 03:00:00 +0200;Thursday;0;14;partly-cloudy-night;0;0;0;0;0;0;0;0
Steinstra�e, Moers;2022-05-12 04:00:00 +0200;Thursday;8;13;partly-cloudy-night;3;5;8;0;3;5;0;0
Steinstra�e, Moers;2022-05-12 05:00:00 +0200;Thursday;15;12;partly-cloudy-night;10;5;14;1;10;4;0;1
Steinstra�e, Moers;2022-05-12 06:00:00 +0200;Thursday;50;11;clear-day;34;16;46;4;31;15;3;1
Steinstra�e, Moers;2022-05-12 07:00:00 +0200;Thursday;132;11;partly-cloudy-day;69;63;129;3;69;60;0;3
Steinstra�e, Moers;2022-05-12 08:00:00 +0200;Thursday;317;13;partly-cloudy-day;174;143;305;12;166;139;8;4
Steinstra�e, Moers;2022-05-12 09:00:00 +0200;Thursday;628;14;partly-cloudy-day;318;310;605;23;310;295;8;15
Steinstra�e, Moers;2022-05-12 10:00:00 +0200;Thursday;1081;16;partly-cloudy-day;501;580;1039;42;478;561;23;19
Steinstra�e, Moers;2022-05-12 11:00:00 +0200;Thursday;1306;17;partly-cloudy-day;643;663;1253;53;619;634;24;29
Steinstra�e, Moers;2022-05-12 12:00:00 +0200;Thursday;1502;18;partly-cloudy-day;774;728;1438;64;736;702;38;26
Steinstra�e, Moers;2022-05-12 13:00:00 +0200;Thursday;1453;19;partly-cloudy-day;726;727;1383;70;684;699;42;28
Steinstra�e, Moers;2022-05-12 14:00:00 +0200;Thursday;1206;19;partly-cloudy-day;598;608;1156;50;573;583;25;25
Steinstra�e, Moers;2022-05-12 15:00:00 +0200;Thursday;1348;20;cloudy;667;681;1269;79;621;648;46;33
Steinstra�e, Moers;2022-05-12 16:00:00 +0200;Thursday;1442;20;cloudy;707;735;1381;61;675;706;32;29
Steinstra�e, Moers;2022-05-12 17:00:00 +0200;Thursday;1374;21;cloudy;683;691;1296;78;644;652;39;39
Steinstra�e, Moers;2022-05-12 18:00:00 +0200;Thursday;896;21;cloudy;466;430;859;37;442;417;24;13
Steinstra�e, Moers;2022-05-12 19:00:00 +0200;Thursday;363;20;cloudy;186;177;346;17;181;165;5;12
Steinstra�e, Moers;2022-05-12 20:00:00 +0200;Thursday;196;19;partly-cloudy-day;82;114;191;5;80;111;2;3
Steinstra�e, Moers;2022-05-12 21:00:00 +0200;Thursday;121;18;partly-cloudy-day;50;71;120;1;50;70;0;1
Steinstra�e, Moers;2022-05-12 22:00:00 +0200;Thursday;63;16;partly-cloudy-night;27;36;63;0;27;36;0;0
Steinstra�e, Moers;2022-05-12 23:00:00 +0200;Thursday;14;15;partly-cloudy-night;7;7;14;0;7;7;0;0
Steinstra�e, Moers;2022-05-13 00:00:00 +0200;Friday;23;14;partly-cloudy-night;8;15;23;0;8;15;0;0
Steinstra�e, Moers;2022-05-13 01:00:00 +0200;Friday;4;13;partly-cloudy-night;2;2;4;0;2;2;0;0
Steinstra�e, Moers;2022-05-13 02:00:00 +0200;Friday;3;13;partly-cloudy-night;2;1;3;0;2;1;0;0
Steinstra�e, Moers;2022-05-13 03:00:00 +0200;Friday;2;12;partly-cloudy-night;0;2;2;0;0;2;0;0
Steinstra�e, Moers;2022-05-13 04:00:00 +0200;Friday;8;11;partly-cloudy-night;0;8;8;0;0;8;0;0
Steinstra�e, Moers;2022-05-13 05:00:00 +0200;Friday;23;10;clear-night;13;10;23;0;13;10;0;0
Steinstra�e, Moers;2022-05-13 06:00:00 +0200;Friday;72;9;partly-cloudy-day;42;30;69;3;41;28;1;2
Steinstra�e, Moers;2022-05-13 07:00:00 +0200;Friday;193;10;partly-cloudy-day;94;99;185;8;92;93;2;6
Steinstra�e, Moers;2022-05-13 08:00:00 +0200;Friday;441;11;partly-cloudy-day;236;205;422;19;226;196;10;9
Steinstra�e, Moers;2022-05-13 09:00:00 +0200;Friday;927;13;cloudy;502;425;888;39;477;411;25;14
Steinstra�e, Moers;2022-05-13 10:00:00 +0200;Friday;1713;15;cloudy;879;834;1621;92;824;797;55;37
Steinstra�e, Moers;2022-05-13 11:00:00 +0200;Friday;2084;16;cloudy;1056;1028;1983;101;1012;971;44;57
Steinstra�e, Moers;2022-05-13 12:00:00 +0200;Friday;1838;17;cloudy;888;950;1756;82;839;917;49;33
Steinstra�e, Moers;2022-05-13 13:00:00 +0200;Friday;1691;18;cloudy;798;893;1616;75;755;861;43;32
Steinstra�e, Moers;2022-05-13 14:00:00 +0200;Friday;1317;18;cloudy;616;701;1238;79;583;655;33;46
Steinstra�e, Moers;2022-05-13 15:00:00 +0200;Friday;1438;19;cloudy;685;753;1377;61;652;725;33;28
Steinstra�e, Moers;2022-05-13 16:00:00 +0200;Friday;1612;20;cloudy;838;774;1518;94;789;729;49;45
Steinstra�e, Moers;2022-05-13 17:00:00 +0200;Friday;1411;21;partly-cloudy-day;719;692;1352;59;685;667;34;25
Steinstra�e, Moers;2022-05-13 18:00:00 +0200;Friday;995;21;partly-cloudy-day;521;474;950;45;496;454;25;20
Steinstra�e, Moers;2022-05-13 19:00:00 +0200;Friday;480;20;partly-cloudy-day;266;214;467;13;259;208;7;6
Steinstra�e, Moers;2022-05-13 20:00:00 +0200;Friday;293;19;partly-cloudy-day;161;132;287;6;160;127;1;5
Steinstra�e, Moers;2022-05-13 21:00:00 +0200;Friday;236;18;partly-cloudy-day;108;128;229;7;105;124;3;4
Steinstra�e, Moers;2022-05-13 22:00:00 +0200;Friday;192;16;partly-cloudy-night;64;128;181;11;59;122;5;6
Steinstra�e, Moers;2022-05-13 23:00:00 +0200;Friday;113;15;partly-cloudy-night;51;62;112;1;50;62;1;0
Steinstra�e, Moers;2022-05-14 00:00:00 +0200;Saturday;57;14;partly-cloudy-night;14;43;55;2;14;41;0;2
Steinstra�e, Moers;2022-05-14 01:00:00 +0200;Saturday;15;13;partly-cloudy-night;7;8;13;2;5;8;2;0
Steinstra�e, Moers;2022-05-14 02:00:00 +0200;Saturday;22;13;partly-cloudy-night;6;16;22;0;6;16;0;0
Steinstra�e, Moers;2022-05-14 03:00:00 +0200;Saturday;7;12;cloudy;3;4;7;0;3;4;0;0
Steinstra�e, Moers;2022-05-14 04:00:00 +0200;Saturday;8;11;cloudy;3;5;8;0;3;5;0;0
Steinstra�e, Moers;2022-05-14 05:00:00 +0200;Saturday;4;10;cloudy;4;0;4;0;4;0;0;0
Steinstra�e, Moers;2022-05-14 06:00:00 +0200;Saturday;27;10;cloudy;17;10;26;1;17;9;0;1
Steinstra�e, Moers;2022-05-14 07:00:00 +0200;Saturday;46;10;partly-cloudy-day;23;23;44;2;22;22;1;1
Steinstra�e, Moers;2022-05-14 08:00:00 +0200;Saturday;118;12;partly-cloudy-day;71;47;116;2;69;47;2;0
Steinstra�e, Moers;2022-05-14 09:00:00 +0200;Saturday;469;13;partly-cloudy-day;259;210;436;33;239;197;20;13
Steinstra�e, Moers;2022-05-14 10:00:00 +0200;Saturday;1248;15;partly-cloudy-day;621;627;1190;58;594;596;27;31
Steinstra�e, Moers;2022-05-14 11:00:00 +0200;Saturday;2094;17;clear-day;1038;1056;1989;105;992;997;46;59
Steinstra�e, Moers;2022-05-14 12:00:00 +0200;Saturday;2248;18;clear-day;1183;1065;2154;94;1129;1025;54;40
Steinstra�e, Moers;2022-05-14 13:00:00 +0200;Saturday;2176;19;partly-cloudy-day;1076;1100;2079;97;1024;1055;52;45
Steinstra�e, Moers;2022-05-14 14:00:00 +0200;Saturday;2066;20;partly-cloudy-day;1066;1000;1985;81;1022;963;44;37
Steinstra�e, Moers;2022-05-14 15:00:00 +0200;Saturday;1986;21;partly-cloudy-day;983;1003;1909;77;942;967;41;36
Steinstra�e, Moers;2022-05-14 16:00:00 +0200;Saturday;1812;22;partly-cloudy-day;913;899;1731;81;867;864;46;35
Steinstra�e, Moers;2022-05-14 17:00:00 +0200;Saturday;1489;23;partly-cloudy-day;732;757;1424;65;694;730;38;27
Steinstra�e, Moers;2022-05-14 18:00:00 +0200;Saturday;802;23;partly-cloudy-day;427;375;771;31;410;361;17;14
Steinstra�e, Moers;2022-05-14 19:00:00 +0200;Saturday;390;22;partly-cloudy-day;189;201;380;10;185;195;4;6
Steinstra�e, Moers;2022-05-14 20:00:00 +0200;Saturday;259;21;partly-cloudy-day;125;134;256;3;125;131;0;3
Steinstra�e, Moers;2022-05-14 21:00:00 +0200;Saturday;237;19;partly-cloudy-day;112;125;233;4;111;122;1;3
Steinstra�e, Moers;2022-05-14 22:00:00 +0200;Saturday;164;18;clear-night;70;94;159;5;68;91;2;3
Steinstra�e, Moers;2022-05-14 23:00:00 +0200;Saturday;98;16;clear-night;47;51;97;1;47;50;0;1
Steinstra�e, Moers;2022-05-15 00:00:00 +0200;Sunday;39;15;clear-night;12;27;39;0;12;27;0;0
Steinstra�e, Moers;2022-05-15 01:00:00 +0200;Sunday;24;14;clear-night;6;18;24;0;6;18;0;0
Steinstra�e, Moers;2022-05-15 02:00:00 +0200;Sunday;23;13;clear-night;7;16;23;0;7;16;0;0
Steinstra�e, Moers;2022-05-15 03:00:00 +0200;Sunday;9;12;clear-night;1;8;9;0;1;8;0;0
Steinstra�e, Moers;2022-05-15 04:00:00 +0200;Sunday;5;11;clear-night;2;3;5;0;2;3;0;0
Steinstra�e, Moers;2022-05-15 05:00:00 +0200;Sunday;4;11;partly-cloudy-night;3;1;4;0;3;1;0;0
Steinstra�e, Moers;2022-05-15 06:00:00 +0200;Sunday;8;10;partly-cloudy-day;5;3;8;0;5;3;0;0
Steinstra�e, Moers;2022-05-15 07:00:00 +0200;Sunday;18;11;partly-cloudy-day;8;10;18;0;8;10;0;0
Steinstra�e, Moers;2022-05-15 08:00:00 +0200;Sunday;48;14;partly-cloudy-day;23;25;46;2;22;24;1;1
Steinstra�e, Moers;2022-05-15 09:00:00 +0200;Sunday;102;16;partly-cloudy-day;58;44;100;2;57;43;1;1
Steinstra�e, Moers;2022-05-15 10:00:00 +0200;Sunday;165;19;partly-cloudy-day;106;59;153;12;96;57;10;2
Steinstra�e, Moers;2022-05-15 11:00:00 +0200;Sunday;246;21;partly-cloudy-day;138;108;231;15;128;103;10;5
Steinstra�e, Moers;2022-05-15 12:00:00 +0200;Sunday;338;23;partly-cloudy-day;165;173;324;14;161;163;4;10
Steinstra�e, Moers;2022-05-15 13:00:00 +0200;Sunday;443;23;partly-cloudy-day;193;250;424;19;185;239;8;11
Steinstra�e, Moers;2022-05-15 14:00:00 +0200;Sunday;505;24;clear-day;255;250;484;21;240;244;15;6
Steinstra�e, Moers;2022-05-15 15:00:00 +0200;Sunday;549;25;partly-cloudy-day;260;289;521;28;247;274;13;15
Steinstra�e, Moers;2022-05-15 16:00:00 +0200;Sunday;536;26;partly-cloudy-day;262;274;496;40;244;252;18;22
Steinstra�e, Moers;2022-05-15 17:00:00 +0200;Sunday;576;27;partly-cloudy-day;280;296;547;29;267;280;13;16
Steinstra�e, Moers;2022-05-15 18:00:00 +0200;Sunday;401;26;partly-cloudy-day;182;219;382;19;174;208;8;11
Steinstra�e, Moers;2022-05-15 19:00:00 +0200;Sunday;272;25;partly-cloudy-day;126;146;258;14;120;138;6;8
Steinstra�e, Moers;2022-05-15 20:00:00 +0200;Sunday;210;24;partly-cloudy-day;100;110;206;4;99;107;1;3
Steinstra�e, Moers;2022-05-15 21:00:00 +0200;Sunday;110;22;partly-cloudy-day;41;69;109;1;40;69;1;0
Steinstra�e, Moers;2022-05-15 22:00:00 +0200;Sunday;74;21;partly-cloudy-night;36;38;72;2;34;38;2;0
Steinstra�e, Moers;2022-05-15 23:00:00 +0200;Sunday;21;19;partly-cloudy-night;17;4;19;2;15;4;2;0
Steinstra�e, Moers;2022-05-16 00:00:00 +0200;Monday;19;18;clear-night;9;10;18;1;9;9;0;1
Steinstra�e, Moers;2022-05-16 01:00:00 +0200;Monday;20;17;clear-night;9;11;20;0;9;11;0;0
Steinstra�e, Moers;2022-05-16 02:00:00 +0200;Monday;0;17;partly-cloudy-night;0;0;0;0;0;0;0;0
Steinstra�e, Moers;2022-05-16 03:00:00 +0200;Monday;4;16;cloudy;4;0;4;0;4;0;0;0
Steinstra�e, Moers;2022-05-16 04:00:00 +0200;Monday;9;16;partly-cloudy-night;3;6;9;0;3;6;0;0
Steinstra�e, Moers;2022-05-16 05:00:00 +0200;Monday;16;15;partly-cloudy-night;11;5;16;0;11;5;0;0
Steinstra�e, Moers;2022-05-16 06:00:00 +0200;Monday;54;16;partly-cloudy-day;33;21;54;0;33;21;0;0
Steinstra�e, Moers;2022-05-16 07:00:00 +0200;Monday;140;17;partly-cloudy-day;61;79;129;11;59;70;2;9
Steinstra�e, Moers;2022-05-16 08:00:00 +0200;Monday;260;19;partly-cloudy-day;157;103;246;14;147;99;10;4
Steinstra�e, Moers;2022-05-16 09:00:00 +0200;Monday;483;21;partly-cloudy-day;255;228;460;23;246;214;9;14
Steinstra�e, Moers;2022-05-16 10:00:00 +0200;Monday;871;23;partly-cloudy-day;425;446;842;29;408;434;17;12
Steinstra�e, Moers;2022-05-16 11:00:00 +0200;Monday;1047;24;partly-cloudy-day;517;530;1001;46;495;506;22;24
Steinstra�e, Moers;2022-05-16 12:00:00 +0200;Monday;1086;25;partly-cloudy-day;519;567;1055;31;504;551;15;16
Steinstra�e, Moers;2022-05-16 13:00:00 +0200;Monday;1130;26;partly-cloudy-day;600;530;1085;45;573;512;27;18
Steinstra�e, Moers;2022-05-16 14:00:00 +0200;Monday;871;25;cloudy;417;454;826;45;396;430;21;24
Steinstra�e, Moers;2022-05-16 15:00:00 +0200;Monday;916;24;rain;448;468;874;42;427;447;21;21
Steinstra�e, Moers;2022-05-16 16:00:00 +0200;Monday;987;22;rain;508;479;940;47;483;457;25;22
Steinstra�e, Moers;2022-05-16 17:00:00 +0200;Monday;955;21;rain;453;502;927;28;440;487;13;15
Steinstra�e, Moers;2022-05-16 18:00:00 +0200;Monday;698;21;rain;376;322;680;18;365;315;11;7
Steinstra�e, Moers;2022-05-16 19:00:00 +0200;Monday;250;21;cloudy;141;109;247;3;140;107;1;2
Steinstra�e, Moers;2022-05-16 20:00:00 +0200;Monday;134;20;cloudy;60;74;131;3;60;71;0;3
Steinstra�e, Moers;2022-05-16 21:00:00 +0200;Monday;100;19;partly-cloudy-day;48;52;100;0;48;52;0;0
Steinstra�e, Moers;2022-05-16 22:00:00 +0200;Monday;60;17;clear-night;23;37;60;0;23;37;0;0
Steinstra�e, Moers;2022-05-16 23:00:00 +0200;Monday;21;16;clear-night;11;10;20;1;10;10;1;0
Steinstra�e, Moers;2022-05-17 00:00:00 +0200;Tuesday;2;16;partly-cloudy-night;1;1;2;0;1;1;0;0
Steinstra�e, Moers;2022-05-17 01:00:00 +0200;Tuesday;2;15;partly-cloudy-night;1;1;2;0;1;1;0;0
Steinstra�e, Moers;2022-05-17 02:00:00 +0200;Tuesday;5;15;partly-cloudy-night;0;5;5;0;0;5;0;0
Steinstra�e, Moers;2022-05-17 03:00:00 +0200;Tuesday;1;14;cloudy;1;0;1;0;1;0;0;0
Steinstra�e, Moers;2022-05-17 04:00:00 +0200;Tuesday;10;13;partly-cloudy-night;3;7;10;0;3;7;0;0
Steinstra�e, Moers;2022-05-17 05:00:00 +0200;Tuesday;14;14;cloudy;8;6;14;0;8;6;0;0
Steinstra�e, Moers;2022-05-17 06:00:00 +0200;Tuesday;51;14;cloudy;25;26;48;3;24;24;1;2
Steinstra�e, Moers;2022-05-17 07:00:00 +0200;Tuesday;190;14;cloudy;95;95;184;6;93;91;2;4
Steinstra�e, Moers;2022-05-17 08:00:00 +0200;Tuesday;340;16;cloudy;187;153;330;10;180;150;7;3
Steinstra�e, Moers;2022-05-17 09:00:00 +0200;Tuesday;728;17;cloudy;373;355;699;29;363;336;10;19
Steinstra�e, Moers;2022-05-17 10:00:00 +0200;Tuesday;1438;18;cloudy;717;721;1386;52;697;689;20;32
Steinstra�e, Moers;2022-05-17 11:00:00 +0200;Tuesday;1532;20;cloudy;752;780;1465;67;718;747;34;33
Steinstra�e, Moers;2022-05-17 12:00:00 +0200;Tuesday;1612;20;cloudy;810;802;1545;67;769;776;41;26
Steinstra�e, Moers;2022-05-17 13:00:00 +0200;Tuesday;1521;21;cloudy;725;796;1447;74;704;743;21;53
Steinstra�e, Moers;2022-05-17 14:00:00 +0200;Tuesday;1257;22;cloudy;640;617;1209;48;611;598;29;19
Steinstra�e, Moers;2022-05-17 15:00:00 +0200;Tuesday;1312;23;cloudy;627;685;1255;57;600;655;27;30
Steinstra�e, Moers;2022-05-17 16:00:00 +0200;Tuesday;1414;23;partly-cloudy-day;693;721;1353;61;669;684;24;37
Steinstra�e, Moers;2022-05-17 17:00:00 +0200;Tuesday;1350;24;partly-cloudy-day;659;691;1266;84;615;651;44;40
Steinstra�e, Moers;2022-05-17 18:00:00 +0200;Tuesday;885;24;partly-cloudy-day;473;412;854;31;457;397;16;15
Steinstra�e, Moers;2022-05-17 19:00:00 +0200;Tuesday;368;24;partly-cloudy-day;183;185;360;8;182;178;1;7
Steinstra�e, Moers;2022-05-17 20:00:00 +0200;Tuesday;199;24;partly-cloudy-day;103;96;194;5;101;93;2;3
Steinstra�e, Moers;2022-05-17 21:00:00 +0200;Tuesday;140;22;cloudy;45;95;137;3;44;93;1;2
Steinstra�e, Moers;2022-05-17 22:00:00 +0200;Tuesday;71;22;cloudy;32;39;70;1;31;39;1;0
Steinstra�e, Moers;2022-05-17 23:00:00 +0200;Tuesday;25;21;cloudy;15;10;23;2;13;10;2;0
Steinstra�e, Moers;2022-05-18 00:00:00 +0200;Wednesday;16;20;partly-cloudy-night;8;8;14;2;7;7;1;1
Steinstra�e, Moers;2022-05-18 01:00:00 +0200;Wednesday;27;19;partly-cloudy-night;13;14;23;4;11;12;2;2
Steinstra�e, Moers;2022-05-18 02:00:00 +0200;Wednesday;13;19;partly-cloudy-night;9;4;11;2;8;3;1;1
Steinstra�e, Moers;2022-05-18 03:00:00 +0200;Wednesday;5;19;partly-cloudy-night;4;1;5;0;4;1;0;0
Steinstra�e, Moers;2022-05-18 04:00:00 +0200;Wednesday;14;18;partly-cloudy-night;6;8;14;0;6;8;0;0
Steinstra�e, Moers;2022-05-18 05:00:00 +0200;Wednesday;12;18;partly-cloudy-night;8;4;12;0;8;4;0;0
Steinstra�e, Moers;2022-05-18 06:00:00 +0200;Wednesday;57;18;partly-cloudy-day;26;31;57;0;26;31;0;0
Steinstra�e, Moers;2022-05-18 07:00:00 +0200;Wednesday;136;18;partly-cloudy-day;73;63;129;7;70;59;3;4
Steinstra�e, Moers;2022-05-18 08:00:00 +0200;Wednesday;337;20;partly-cloudy-day;201;136;320;17;190;130;11;6
Steinstra�e, Moers;2022-05-18 09:00:00 +0200;Wednesday;665;22;clear-day;336;329;635;30;319;316;17;13
Steinstra�e, Moers;2022-05-18 10:00:00 +0200;Wednesday;1174;23;partly-cloudy-day;585;589;1113;61;551;562;34;27
Steinstra�e, Moers;2022-05-18 11:00:00 +0200;Wednesday;1147;25;partly-cloudy-day;582;565;1089;58;547;542;35;23
Steinstra�e, Moers;2022-05-18 12:00:00 +0200;Wednesday;1272;26;partly-cloudy-day;630;642;1231;41;612;619;18;23
Steinstra�e, Moers;2022-05-18 13:00:00 +0200;Wednesday;1305;27;partly-cloudy-day;648;657;1240;65;617;623;31;34
Steinstra�e, Moers;2022-05-18 14:00:00 +0200;Wednesday;929;28;partly-cloudy-day;456;473;897;32;443;454;13;19
Steinstra�e, Moers;2022-05-18 15:00:00 +0200;Wednesday;975;28;partly-cloudy-day;483;492;923;52;453;470;30;22
Steinstra�e, Moers;2022-05-18 16:00:00 +0200;Wednesday;1176;29;partly-cloudy-day;594;582;1109;67;559;550;35;32
Steinstra�e, Moers;2022-05-18 17:00:00 +0200;Wednesday;1099;29;partly-cloudy-day;579;520;1049;50;546;503;33;17
Steinstra�e, Moers;2022-05-18 18:00:00 +0200;Wednesday;786;29;partly-cloudy-day;420;366;747;39;393;354;27;12
Steinstra�e, Moers;2022-05-18 19:00:00 +0200;Wednesday;325;28;partly-cloudy-day;141;184;312;13;137;175;4;9
Steinstra�e, Moers;2022-05-18 20:00:00 +0200;Wednesday;179;27;partly-cloudy-day;100;79;168;11;94;74;6;5
Steinstra�e, Moers;2022-05-18 21:00:00 +0200;Wednesday;127;25;cloudy;56;71;123;4;52;71;4;0
Steinstra�e, Moers;2022-05-18 22:00:00 +0200;Wednesday;64;24;cloudy;34;30;63;1;34;29;0;1
Steinstra�e, Moers;2022-05-18 23:00:00 +0200;Wednesday;33;22;cloudy;13;20;33;0;13;20;0;0
Steinstra�e, Moers;2022-05-19 00:00:00 +0200;Thursday;22;22;cloudy;9;13;22;0;9;13;0;0
Steinstra�e, Moers;2022-05-19 01:00:00 +0200;Thursday;17;21;cloudy;11;6;11;6;7;4;4;2
Steinstra�e, Moers;2022-05-19 02:00:00 +0200;Thursday;3;21;cloudy;2;1;3;0;2;1;0;0
Steinstra�e, Moers;2022-05-19 03:00:00 +0200;Thursday;11;20;cloudy;7;4;9;2;6;3;1;1
Steinstra�e, Moers;2022-05-19 04:00:00 +0200;Thursday;10;20;cloudy;4;6;10;0;4;6;0;0
Steinstra�e, Moers;2022-05-19 05:00:00 +0200;Thursday;14;21;cloudy;7;7;13;1;6;7;1;0
Steinstra�e, Moers;2022-05-19 06:00:00 +0200;Thursday;56;21;cloudy;34;22;52;4;31;21;3;1
Steinstra�e, Moers;2022-05-19 07:00:00 +0200;Thursday;156;21;cloudy;91;65;144;12;86;58;5;7
Steinstra�e, Moers;2022-05-19 08:00:00 +0200;Thursday;389;22;cloudy;209;180;361;28;192;169;17;11
Steinstra�e, Moers;2022-05-19 09:00:00 +0200;Thursday;691;23;cloudy;336;355;662;29;323;339;13;16
Steinstra�e, Moers;2022-05-19 10:00:00 +0200;Thursday;1126;25;partly-cloudy-day;538;588;1068;58;508;560;30;28
Steinstra�e, Moers;2022-05-19 11:00:00 +0200;Thursday;1152;26;cloudy;586;566;1099;53;565;534;21;32
Steinstra�e, Moers;2022-05-19 12:00:00 +0200;Thursday;1268;27;cloudy;655;613;1213;55;619;594;36;19
Steinstra�e, Moers;2022-05-19 13:00:00 +0200;Thursday;1079;28;cloudy;534;545;1050;29;520;530;14;15
Steinstra�e, Moers;2022-05-19 14:00:00 +0200;Thursday;918;27;cloudy;457;461;883;35;436;447;21;14
Steinstra�e, Moers;2022-05-19 15:00:00 +0200;Thursday;396;26;cloudy;194;202;386;10;189;197;5;5
Steinstra�e, Moers;2022-05-19 16:00:00 +0200;Thursday;674;23;rain;314;360;658;16;305;353;9;7
Steinstra�e, Moers;2022-05-19 17:00:00 +0200;Thursday;790;22;rain;392;398;765;25;381;384;11;14
Steinstra�e, Moers;2022-05-19 18:00:00 +0200;Thursday;577;22;rain;305;272;567;10;297;270;8;2
Steinstra�e, Moers;2022-05-19 19:00:00 +0200;Thursday;314;21;rain;174;140;300;14;164;136;10;4
Steinstra�e, Moers;2022-05-19 20:00:00 +0200;Thursday;162;21;rain;78;84;159;3;76;83;2;1
Steinstra�e, Moers;2022-05-19 21:00:00 +0200;Thursday;118;20;cloudy;29;89;117;1;29;88;0;1
Steinstra�e, Moers;2022-05-19 22:00:00 +0200;Thursday;55;19;partly-cloudy-night;33;22;54;1;32;22;1;0
Steinstra�e, Moers;2022-05-19 23:00:00 +0200;Thursday;12;18;partly-cloudy-night;4;8;12;0;4;8;0;0
Steinstra�e, Moers;2022-05-20 00:00:00 +0200;Friday;12;17;partly-cloudy-night;12;0;12;0;12;0;0;0
Steinstra�e, Moers;2022-05-20 01:00:00 +0200;Friday;3;16;partly-cloudy-night;3;0;3;0;3;0;0;0
Steinstra�e, Moers;2022-05-20 02:00:00 +0200;Friday;6;16;partly-cloudy-night;3;3;6;0;3;3;0;0
Steinstra�e, Moers;2022-05-20 03:00:00 +0200;Friday;7;15;partly-cloudy-night;4;3;6;1;3;3;1;0
Steinstra�e, Moers;2022-05-20 04:00:00 +0200;Friday;9;13;partly-cloudy-night;3;6;9;0;3;6;0;0
Steinstra�e, Moers;2022-05-20 05:00:00 +0200;Friday;18;13;partly-cloudy-night;10;8;17;1;10;7;0;1
Steinstra�e, Moers;2022-05-20 06:00:00 +0200;Friday;64;13;cloudy;36;28;58;6;33;25;3;3
Steinstra�e, Moers;2022-05-20 07:00:00 +0200;Friday;187;14;cloudy;84;103;184;3;84;100;0;3
Steinstra�e, Moers;2022-05-20 08:00:00 +0200;Friday;401;15;partly-cloudy-day;232;169;382;19;223;159;9;10
Steinstra�e, Moers;2022-05-20 09:00:00 +0200;Friday;1058;17;partly-cloudy-day;541;517;1002;56;512;490;29;27
Steinstra�e, Moers;2022-05-20 10:00:00 +0200;Friday;1733;18;partly-cloudy-day;906;827;1637;96;853;784;53;43
Steinstra�e, Moers;2022-05-20 11:00:00 +0200;Friday;1780;20;partly-cloudy-day;852;928;1707;73;815;892;37;36
Steinstra�e, Moers;2022-05-20 12:00:00 +0200;Friday;1537;21;cloudy;756;781;1464;73;718;746;38;35
Steinstra�e, Moers;2022-05-20 13:00:00 +0200;Friday;1225;23;cloudy;615;610;1183;42;598;585;17;25
Steinstra�e, Moers;2022-05-20 14:00:00 +0200;Friday;923;23;cloudy;438;485;883;40;420;463;18;22
Steinstra�e, Moers;2022-05-20 15:00:00 +0200;Friday;398;22;rain;170;228;386;12;163;223;7;5
Steinstra�e, Moers;2022-05-20 16:00:00 +0200;Friday;604;20;rain;300;304;586;18;287;299;13;5
Steinstra�e, Moers;2022-05-20 17:00:00 +0200;Friday;585;19;rain;310;275;564;21;299;265;11;10
Steinstra�e, Moers;2022-05-20 18:00:00 +0200;Friday;437;18;rain;220;217;418;19;210;208;10;9
Steinstra�e, Moers;2022-05-20 19:00:00 +0200;Friday;208;17;rain;102;106;198;10;98;100;4;6
Steinstra�e, Moers;2022-05-20 20:00:00 +0200;Friday;122;16;rain;64;58;115;7;60;55;4;3
Steinstra�e, Moers;2022-05-20 21:00:00 +0200;Friday;119;16;partly-cloudy-day;60;59;116;3;57;59;3;0
Steinstra�e, Moers;2022-05-20 22:00:00 +0200;Friday;108;14;partly-cloudy-night;50;58;107;1;49;58;1;0
Steinstra�e, Moers;2022-05-20 23:00:00 +0200;Friday;73;13;partly-cloudy-night;31;42;73;0;31;42;0;0
Steinstra�e, Moers;2022-05-21 00:00:00 +0200;Saturday;51;12;partly-cloudy-night;19;32;51;0;19;32;0;0
Steinstra�e, Moers;2022-05-21 01:00:00 +0200;Saturday;23;12;partly-cloudy-night;8;15;22;1;8;14;0;1
Steinstra�e, Moers;2022-05-21 02:00:00 +0200;Saturday;15;11;partly-cloudy-night;13;2;13;2;11;2;2;0
Steinstra�e, Moers;2022-05-21 03:00:00 +0200;Saturday;5;11;partly-cloudy-night;4;1;5;0;4;1;0;0
Steinstra�e, Moers;2022-05-21 04:00:00 +0200;Saturday;5;11;partly-cloudy-night;3;2;5;0;3;2;0;0
Steinstra�e, Moers;2022-05-21 05:00:00 +0200;Saturday;10;11;partly-cloudy-night;4;6;10;0;4;6;0;0
Steinstra�e, Moers;2022-05-21 06:00:00 +0200;Saturday;11;11;partly-cloudy-day;8;3;11;0;8;3;0;0
Steinstra�e, Moers;2022-05-21 07:00:00 +0200;Saturday;23;11;partly-cloudy-day;9;14;23;0;9;14;0;0
Steinstra�e, Moers;2022-05-21 08:00:00 +0200;Saturday;101;12;partly-cloudy-day;57;44;98;3;56;42;1;2
Steinstra�e, Moers;2022-05-21 09:00:00 +0200;Saturday;350;13;partly-cloudy-day;172;178;341;9;168;173;4;5
Steinstra�e, Moers;2022-05-21 10:00:00 +0200;Saturday;1011;14;partly-cloudy-day;494;517;971;40;473;498;21;19
Steinstra�e, Moers;2022-05-21 11:00:00 +0200;Saturday;1637;15;cloudy;844;793;1571;66;807;764;37;29
Steinstra�e, Moers;2022-05-21 12:00:00 +0200;Saturday;2176;16;cloudy;1136;1040;2122;54;1099;1023;37;17
Steinstra�e, Moers;2022-05-21 13:00:00 +0200;Saturday;1985;16;cloudy;985;1000;1920;65;955;965;30;35
Steinstra�e, Moers;2022-05-21 14:00:00 +0200;Saturday;2124;17;cloudy;1043;1081;2050;74;1001;1049;42;32
Steinstra�e, Moers;2022-05-21 15:00:00 +0200;Saturday;2040;18;partly-cloudy-day;997;1043;1961;79;952;1009;45;34
Steinstra�e, Moers;2022-05-21 16:00:00 +0200;Saturday;1853;19;partly-cloudy-day;937;916;1777;76;891;886;46;30
Steinstra�e, Moers;2022-05-21 17:00:00 +0200;Saturday;1381;20;partly-cloudy-day;716;665;1329;52;695;634;21;31
Steinstra�e, Moers;2022-05-21 18:00:00 +0200;Saturday;816;20;partly-cloudy-day;417;399;790;26;407;383;10;16
Steinstra�e, Moers;2022-05-21 19:00:00 +0200;Saturday;430;20;partly-cloudy-day;221;209;412;18;208;204;13;5
Steinstra�e, Moers;2022-05-21 20:00:00 +0200;Saturday;401;18;partly-cloudy-day;221;180;391;10;214;177;7;3
Steinstra�e, Moers;2022-05-21 21:00:00 +0200;Saturday;328;17;partly-cloudy-day;186;142;325;3;184;141;2;1
Steinstra�e, Moers;2022-05-21 22:00:00 +0200;Saturday;275;15;partly-cloudy-night;137;138;272;3;135;137;2;1
Steinstra�e, Moers;2022-05-21 23:00:00 +0200;Saturday;207;14;partly-cloudy-night;99;108;206;1;99;107;0;1
Steinstra�e, Moers;2022-05-22 00:00:00 +0200;Sunday;138;13;partly-cloudy-night;61;77;137;1;61;76;0;1
Steinstra�e, Moers;2022-05-22 01:00:00 +0200;Sunday;152;13;partly-cloudy-night;34;118;147;5;31;116;3;2
Steinstra�e, Moers;2022-05-22 02:00:00 +0200;Sunday;28;12;cloudy;10;18;28;0;10;18;0;0
Steinstra�e, Moers;2022-05-22 03:00:00 +0200;Sunday;7;11;partly-cloudy-night;2;5;7;0;2;5;0;0
Steinstra�e, Moers;2022-05-22 04:00:00 +0200;Sunday;6;11;partly-cloudy-night;5;1;5;1;4;1;1;0
Steinstra�e, Moers;2022-05-22 05:00:00 +0200;Sunday;7;12;partly-cloudy-night;3;4;7;0;3;4;0;0
Steinstra�e, Moers;2022-05-22 06:00:00 +0200;Sunday;7;12;partly-cloudy-day;3;4;7;0;3;4;0;0
Steinstra�e, Moers;2022-05-22 07:00:00 +0200;Sunday;18;13;cloudy;9;9;16;2;8;8;1;1
Steinstra�e, Moers;2022-05-22 08:00:00 +0200;Sunday;25;14;partly-cloudy-day;9;16;25;0;9;16;0;0
Steinstra�e, Moers;2022-05-22 09:00:00 +0200;Sunday;69;16;partly-cloudy-day;51;18;68;1;51;17;0;1
Steinstra�e, Moers;2022-05-22 10:00:00 +0200;Sunday;177;17;partly-cloudy-day;96;81;169;8;91;78;5;3
Steinstra�e, Moers;2022-05-22 11:00:00 +0200;Sunday;243;18;partly-cloudy-day;112;131;231;12;111;120;1;11
Steinstra�e, Moers;2022-05-22 12:00:00 +0200;Sunday;313;19;partly-cloudy-day;166;147;298;15;158;140;8;7
Steinstra�e, Moers;2022-05-22 13:00:00 +0200;Sunday;382;20;partly-cloudy-day;194;188;365;17;186;179;8;9
Steinstra�e, Moers;2022-05-22 14:00:00 +0200;Sunday;524;21;partly-cloudy-day;274;250;493;31;254;239;20;11
Steinstra�e, Moers;2022-05-22 15:00:00 +0200;Sunday;563;22;partly-cloudy-day;295;268;535;28;281;254;14;14
Steinstra�e, Moers;2022-05-22 16:00:00 +0200;Sunday;559;23;partly-cloudy-day;253;306;530;29;241;289;12;17
Steinstra�e, Moers;2022-05-22 17:00:00 +0200;Sunday;522;23;partly-cloudy-day;263;259;491;31;249;242;14;17
Steinstra�e, Moers;2022-05-22 18:00:00 +0200;Sunday;374;24;partly-cloudy-day;164;210;362;12;157;205;7;5
Steinstra�e, Moers;2022-05-22 19:00:00 +0200;Sunday;300;23;cloudy;144;156;291;9;139;152;5;4
Steinstra�e, Moers;2022-05-22 20:00:00 +0200;Sunday;210;22;cloudy;90;120;203;7;84;119;6;1
Steinstra�e, Moers;2022-05-22 21:00:00 +0200;Sunday;163;20;cloudy;77;86;159;4;75;84;2;2
Steinstra�e, Moers;2022-05-22 22:00:00 +0200;Sunday;75;19;cloudy;31;44;73;2;30;43;1;1
Steinstra�e, Moers;2022-05-22 23:00:00 +0200;Sunday;30;18;cloudy;14;16;30;0;14;16;0;0
Steinstra�e, Moers;2022-05-23 00:00:00 +0200;Monday;4;17;cloudy;2;2;4;0;2;2;0;0
Steinstra�e, Moers;2022-05-23 01:00:00 +0200;Monday;4;16;cloudy;1;3;4;0;1;3;0;0
Steinstra�e, Moers;2022-05-23 02:00:00 +0200;Monday;1;16;partly-cloudy-night;0;1;1;0;0;1;0;0
Steinstra�e, Moers;2022-05-23 03:00:00 +0200;Monday;1;16;cloudy;0;1;1;0;0;1;0;0
Steinstra�e, Moers;2022-05-23 04:00:00 +0200;Monday;9;16;cloudy;2;7;9;0;2;7;0;0
Steinstra�e, Moers;2022-05-23 05:00:00 +0200;Monday;12;17;cloudy;6;6;12;0;6;6;0;0
Steinstra�e, Moers;2022-05-23 06:00:00 +0200;Monday;45;17;cloudy;29;16;44;1;29;15;0;1
Steinstra�e, Moers;2022-05-23 07:00:00 +0200;Monday;149;18;cloudy;89;60;145;4;87;58;2;2
Steinstra�e, Moers;2022-05-23 08:00:00 +0200;Monday;297;19;cloudy;152;145;282;15;141;141;11;4
Steinstra�e, Moers;2022-05-23 09:00:00 +0200;Monday;636;20;cloudy;320;316;610;26;309;301;11;15
Steinstra�e, Moers;2022-05-23 10:00:00 +0200;Monday;1108;20;cloudy;578;530;1063;45;554;509;24;21
Steinstra�e, Moers;2022-05-23 11:00:00 +0200;Monday;1313;21;cloudy;640;673;1244;69;605;639;35;34
Steinstra�e, Moers;2022-05-23 12:00:00 +0200;Monday;1378;22;partly-cloudy-day;674;704;1329;49;645;684;29;20
Steinstra�e, Moers;2022-05-23 13:00:00 +0200;Monday;1160;24;partly-cloudy-day;617;543;1115;45;591;524;26;19
Steinstra�e, Moers;2022-05-23 14:00:00 +0200;Monday;1136;25;cloudy;586;550;1104;32;571;533;15;17
Steinstra�e, Moers;2022-05-23 15:00:00 +0200;Monday;964;25;partly-cloudy-day;468;496;932;32;449;483;19;13
Steinstra�e, Moers;2022-05-23 16:00:00 +0200;Monday;955;24;cloudy;482;473;923;32;468;455;14;18
Steinstra�e, Moers;2022-05-23 17:00:00 +0200;Monday;975;23;rain;484;491;953;22;474;479;10;12
Steinstra�e, Moers;2022-05-23 18:00:00 +0200;Monday;763;22;rain;421;342;742;21;410;332;11;10
Steinstra�e, Moers;2022-05-23 19:00:00 +0200;Monday;345;20;rain;199;146;338;7;195;143;4;3
Steinstra�e, Moers;2022-05-23 20:00:00 +0200;Monday;59;19;rain;29;30;58;1;28;30;1;0
Steinstra�e, Moers;2022-05-23 21:00:00 +0200;Monday;57;18;rain;31;26;57;0;31;26;0;0
Steinstra�e, Moers;2022-05-23 22:00:00 +0200;Monday;51;17;rain;16;35;51;0;16;35;0;0
Steinstra�e, Moers;2022-05-23 23:00:00 +0200;Monday;14;15;rain;10;4;14;0;10;4;0;0
Steinstra�e, Moers;2022-05-24 00:00:00 +0200;Tuesday;5;14;cloudy;3;2;5;0;3;2;0;0
Steinstra�e, Moers;2022-05-24 01:00:00 +0200;Tuesday;5;14;cloudy;3;2;5;0;3;2;0;0
Steinstra�e, Moers;2022-05-24 02:00:00 +0200;Tuesday;7;14;cloudy;3;4;7;0;3;4;0;0
Steinstra�e, Moers;2022-05-24 03:00:00 +0200;Tuesday;4;14;cloudy;1;3;4;0;1;3;0;0
Steinstra�e, Moers;2022-05-24 04:00:00 +0200;Tuesday;4;13;partly-cloudy-night;1;3;4;0;1;3;0;0
Steinstra�e, Moers;2022-05-24 05:00:00 +0200;Tuesday;13;13;partly-cloudy-night;9;4;13;0;9;4;0;0
Steinstra�e, Moers;2022-05-24 06:00:00 +0200;Tuesday;52;13;partly-cloudy-day;32;20;50;2;31;19;1;1
Steinstra�e, Moers;2022-05-24 07:00:00 +0200;Tuesday;128;12;rain;64;64;124;4;62;62;2;2
Steinstra�e, Moers;2022-05-24 08:00:00 +0200;Tuesday;239;12;rain;129;110;228;11;120;108;9;2
Steinstra�e, Moers;2022-05-24 09:00:00 +0200;Tuesday;821;13;cloudy;441;380;802;19;433;369;8;11
Steinstra�e, Moers;2022-05-24 10:00:00 +0200;Tuesday;1227;14;partly-cloudy-day;619;608;1180;47;596;584;23;24
Steinstra�e, Moers;2022-05-24 11:00:00 +0200;Tuesday;1497;14;partly-cloudy-day;757;740;1446;51;732;714;25;26
Steinstra�e, Moers;2022-05-24 12:00:00 +0200;Tuesday;1647;15;partly-cloudy-day;851;796;1585;62;817;768;34;28
Steinstra�e, Moers;2022-05-24 13:00:00 +0200;Tuesday;1349;16;partly-cloudy-day;663;686;1311;38;644;667;19;19
Steinstra�e, Moers;2022-05-24 14:00:00 +0200;Tuesday;1160;17;partly-cloudy-day;561;599;1125;35;540;585;21;14
Steinstra�e, Moers;2022-05-24 15:00:00 +0200;Tuesday;1236;17;partly-cloudy-day;615;621;1179;57;586;593;29;28
Steinstra�e, Moers;2022-05-24 16:00:00 +0200;Tuesday;1245;17;partly-cloudy-day;617;628;1205;40;596;609;21;19
Steinstra�e, Moers;2022-05-24 17:00:00 +0200;Tuesday;1056;16;partly-cloudy-day;531;525;1027;29;515;512;16;13
Steinstra�e, Moers;2022-05-24 18:00:00 +0200;Tuesday;784;16;cloudy;401;383;751;33;380;371;21;12
Steinstra�e, Moers;2022-05-24 19:00:00 +0200;Tuesday;221;15;cloudy;118;103;218;3;116;102;2;1
Steinstra�e, Moers;2022-05-24 20:00:00 +0200;Tuesday;138;15;cloudy;66;72;135;3;66;69;0;3
Steinstra�e, Moers;2022-05-24 21:00:00 +0200;Tuesday;117;14;cloudy;50;67;115;2;48;67;2;0
Steinstra�e, Moers;2022-05-24 22:00:00 +0200;Tuesday;78;13;cloudy;29;49;78;0;29;49;0;0
Steinstra�e, Moers;2022-05-24 23:00:00 +0200;Tuesday;22;13;cloudy;11;11;22;0;11;11;0;0
Steinstra�e, Moers;2022-05-25 00:00:00 +0200;Wednesday;8;12;partly-cloudy-night;5;3;8;0;5;3;0;0
Steinstra�e, Moers;2022-05-25 01:00:00 +0200;Wednesday;5;12;partly-cloudy-night;1;4;5;0;1;4;0;0
Steinstra�e, Moers;2022-05-25 02:00:00 +0200;Wednesday;2;11;partly-cloudy-night;2;0;2;0;2;0;0;0
Steinstra�e, Moers;2022-05-25 03:00:00 +0200;Wednesday;1;11;clear-night;0;1;1;0;0;1;0;0
Steinstra�e, Moers;2022-05-25 04:00:00 +0200;Wednesday;8;10;clear-night;2;6;8;0;2;6;0;0
Steinstra�e, Moers;2022-05-25 05:00:00 +0200;Wednesday;11;9;clear-night;9;2;11;0;9;2;0;0
Steinstra�e, Moers;2022-05-25 06:00:00 +0200;Wednesday;58;9;clear-day;36;22;55;3;34;21;2;1
Steinstra�e, Moers;2022-05-25 07:00:00 +0200;Wednesday;146;10;clear-day;88;58;141;5;87;54;1;4
Steinstra�e, Moers;2022-05-25 08:00:00 +0200;Wednesday;301;12;clear-day;175;126;286;15;164;122;11;4
Steinstra�e, Moers;2022-05-25 09:00:00 +0200;Wednesday;680;13;partly-cloudy-day;359;321;651;29;345;306;14;15
Steinstra�e, Moers;2022-05-25 10:00:00 +0200;Wednesday;1329;15;clear-day;657;672;1250;79;617;633;40;39
Steinstra�e, Moers;2022-05-25 11:00:00 +0200;Wednesday;1467;16;partly-cloudy-day;711;756;1369;98;660;709;51;47
Steinstra�e, Moers;2022-05-25 12:00:00 +0200;Wednesday;1614;17;partly-cloudy-day;812;802;1541;73;773;768;39;34
Steinstra�e, Moers;2022-05-25 13:00:00 +0200;Wednesday;1482;18;partly-cloudy-day;737;745;1416;66;701;715;36;30
Steinstra�e, Moers;2022-05-25 14:00:00 +0200;Wednesday;1373;19;partly-cloudy-day;716;657;1300;73;674;626;42;31
Steinstra�e, Moers;2022-05-25 15:00:00 +0200;Wednesday;1447;20;partly-cloudy-day;713;734;1375;72;671;704;42;30
Steinstra�e, Moers;2022-05-25 16:00:00 +0200;Wednesday;1649;19;cloudy;814;835;1563;86;769;794;45;41
Steinstra�e, Moers;2022-05-25 17:00:00 +0200;Wednesday;1575;19;cloudy;797;778;1520;55;770;750;27;28
Steinstra�e, Moers;2022-05-25 18:00:00 +0200;Wednesday;906;19;cloudy;466;440;875;31;451;424;15;16
Steinstra�e, Moers;2022-05-25 19:00:00 +0200;Wednesday;391;18;cloudy;215;176;382;9;211;171;4;5
Steinstra�e, Moers;2022-05-25 20:00:00 +0200;Wednesday;170;18;cloudy;71;99;166;4;70;96;1;3
Steinstra�e, Moers;2022-05-25 21:00:00 +0200;Wednesday;157;17;cloudy;74;83;156;1;73;83;1;0
Steinstra�e, Moers;2022-05-25 22:00:00 +0200;Wednesday;156;17;cloudy;50;106;152;4;50;102;0;4
Steinstra�e, Moers;2022-05-25 23:00:00 +0200;Wednesday;55;16;cloudy;27;28;55;0;27;28;0;0
Steinstra�e, Moers;2022-05-26 00:00:00 +0200;Thursday;15;16;cloudy;8;7;14;1;7;7;1;0
Steinstra�e, Moers;2022-05-26 01:00:00 +0200;Thursday;25;15;cloudy;12;13;25;0;12;13;0;0
Steinstra�e, Moers;2022-05-26 02:00:00 +0200;Thursday;4;15;cloudy;1;3;4;0;1;3;0;0
Steinstra�e, Moers;2022-05-26 03:00:00 +0200;Thursday;2;15;cloudy;2;0;2;0;2;0;0;0
Steinstra�e, Moers;2022-05-26 04:00:00 +0200;Thursday;5;14;cloudy;2;3;5;0;2;3;0;0
Steinstra�e, Moers;2022-05-26 05:00:00 +0200;Thursday;3;13;cloudy;1;2;3;0;1;2;0;0
Steinstra�e, Moers;2022-05-26 06:00:00 +0200;Thursday;22;13;cloudy;14;8;20;2;13;7;1;1
Steinstra�e, Moers;2022-05-26 07:00:00 +0200;Thursday;11;13;cloudy;6;5;11;0;6;5;0;0
Steinstra�e, Moers;2022-05-26 08:00:00 +0200;Thursday;44;14;cloudy;21;23;43;1;21;22;0;1
Steinstra�e, Moers;2022-05-26 09:00:00 +0200;Thursday;93;15;partly-cloudy-day;58;35;89;4;57;32;1;3
Steinstra�e, Moers;2022-05-26 10:00:00 +0200;Thursday;168;16;partly-cloudy-day;103;65;162;6;100;62;3;3
Steinstra�e, Moers;2022-05-26 11:00:00 +0200;Thursday;299;17;partly-cloudy-day;179;120;282;17;168;114;11;6
Steinstra�e, Moers;2022-05-26 12:00:00 +0200;Thursday;399;18;partly-cloudy-day;187;212;387;12;183;204;4;8
Steinstra�e, Moers;2022-05-26 13:00:00 +0200;Thursday;455;18;partly-cloudy-day;261;194;427;28;242;185;19;9
Steinstra�e, Moers;2022-05-26 14:00:00 +0200;Thursday;542;20;partly-cloudy-day;280;262;516;26;263;253;17;9
Steinstra�e, Moers;2022-05-26 15:00:00 +0200;Thursday;578;20;partly-cloudy-day;293;285;535;43;273;262;20;23
Steinstra�e, Moers;2022-05-26 16:00:00 +0200;Thursday;504;21;partly-cloudy-day;249;255;482;22;236;246;13;9
Steinstra�e, Moers;2022-05-26 17:00:00 +0200;Thursday;361;21;partly-cloudy-day;165;196;346;15;158;188;7;8
Steinstra�e, Moers;2022-05-26 18:00:00 +0200;Thursday;354;21;partly-cloudy-day;172;182;343;11;166;177;6;5
Steinstra�e, Moers;2022-05-26 19:00:00 +0200;Thursday;252;21;partly-cloudy-day;113;139;247;5;110;137;3;2
Steinstra�e, Moers;2022-05-26 20:00:00 +0200;Thursday;139;20;cloudy;66;73;138;1;66;72;0;1
Steinstra�e, Moers;2022-05-26 21:00:00 +0200;Thursday;116;19;cloudy;43;73;116;0;43;73;0;0
Steinstra�e, Moers;2022-05-26 22:00:00 +0200;Thursday;118;19;cloudy;56;62;115;3;55;60;1;2
Steinstra�e, Moers;2022-05-26 23:00:00 +0200;Thursday;33;18;cloudy;11;22;32;1;11;21;0;1
Steinstra�e, Moers;2022-05-27 00:00:00 +0200;Friday;26;17;cloudy;7;19;25;1;6;19;1;0
Steinstra�e, Moers;2022-05-27 01:00:00 +0200;Friday;4;16;cloudy;3;1;4;0;3;1;0;0
Steinstra�e, Moers;2022-05-27 02:00:00 +0200;Friday;6;15;cloudy;2;4;6;0;2;4;0;0
Steinstra�e, Moers;2022-05-27 03:00:00 +0200;Friday;0;15;cloudy;0;0;0;0;0;0;0;0
Steinstra�e, Moers;2022-05-27 04:00:00 +0200;Friday;11;14;rain;1;10;11;0;1;10;0;0
Steinstra�e, Moers;2022-05-27 05:00:00 +0200;Friday;10;14;rain;7;3;10;0;7;3;0;0
Steinstra�e, Moers;2022-05-27 06:00:00 +0200;Friday;38;13;rain;26;12;37;1;25;12;1;0
Steinstra�e, Moers;2022-05-27 07:00:00 +0200;Friday;112;13;rain;68;44;110;2;66;44;2;0
Steinstra�e, Moers;2022-05-27 08:00:00 +0200;Friday;315;13;cloudy;162;153;304;11;154;150;8;3
Steinstra�e, Moers;2022-05-27 09:00:00 +0200;Friday;998;14;cloudy;512;486;953;45;489;464;23;22
Steinstra�e, Moers;2022-05-27 10:00:00 +0200;Friday;1851;15;cloudy;940;911;1771;80;900;871;40;40
Steinstra�e, Moers;2022-05-27 11:00:00 +0200;Friday;2465;16;cloudy;1209;1256;2373;92;1163;1210;46;46
Steinstra�e, Moers;2022-05-27 12:00:00 +0200;Friday;2794;17;partly-cloudy-day;1404;1390;2677;117;1341;1336;63;54
Steinstra�e, Moers;2022-05-27 13:00:00 +0200;Friday;2309;17;partly-cloudy-day;1130;1179;2216;93;1078;1138;52;41
Steinstra�e, Moers;2022-05-27 14:00:00 +0200;Friday;2095;18;partly-cloudy-day;1052;1043;2015;80;1001;1014;51;29
Steinstra�e, Moers;2022-05-27 15:00:00 +0200;Friday;2078;18;partly-cloudy-day;1052;1026;1990;88;1002;988;50;38
Steinstra�e, Moers;2022-05-27 16:00:00 +0200;Friday;1953;18;partly-cloudy-day;969;984;1869;84;923;946;46;38
Steinstra�e, Moers;2022-05-27 17:00:00 +0200;Friday;1679;18;partly-cloudy-day;877;802;1617;62;845;772;32;30
Steinstra�e, Moers;2022-05-27 18:00:00 +0200;Friday;1047;17;partly-cloudy-day;523;524;1003;44;495;508;28;16
Steinstra�e, Moers;2022-05-27 19:00:00 +0200;Friday;415;17;partly-cloudy-day;220;195;405;10;215;190;5;5
Steinstra�e, Moers;2022-05-27 20:00:00 +0200;Friday;301;16;partly-cloudy-day;131;170;291;10;127;164;4;6
Steinstra�e, Moers;2022-05-27 21:00:00 +0200;Friday;174;14;clear-day;82;92;172;2;80;92;2;0
Steinstra�e, Moers;2022-05-27 22:00:00 +0200;Friday;146;13;clear-night;61;85;146;0;61;85;0;0
Steinstra�e, Moers;2022-05-27 23:00:00 +0200;Friday;62;12;clear-night;16;46;62;0;16;46;0;0
Steinstra�e, Moers;2022-05-28 00:00:00 +0200;Saturday;32;11;clear-night;16;16;32;0;16;16;0;0
Steinstra�e, Moers;2022-05-28 01:00:00 +0200;Saturday;5;10;clear-night;2;3;5;0;2;3;0;0
Steinstra�e, Moers;2022-05-28 02:00:00 +0200;Saturday;3;9;clear-night;2;1;3;0;2;1;0;0
Steinstra�e, Moers;2022-05-28 03:00:00 +0200;Saturday;4;9;clear-night;1;3;4;0;1;3;0;0
Steinstra�e, Moers;2022-05-28 04:00:00 +0200;Saturday;9;8;partly-cloudy-night;6;3;9;0;6;3;0;0
Steinstra�e, Moers;2022-05-28 05:00:00 +0200;Saturday;6;9;partly-cloudy-night;4;2;6;0;4;2;0;0
Steinstra�e, Moers;2022-05-28 06:00:00 +0200;Saturday;26;9;clear-day;17;9;25;1;16;9;1;0
Steinstra�e, Moers;2022-05-28 07:00:00 +0200;Saturday;36;10;partly-cloudy-day;22;14;35;1;21;14;1;0
Steinstra�e, Moers;2022-05-28 08:00:00 +0200;Saturday;82;12;partly-cloudy-day;36;46;80;2;36;44;0;2
Steinstra�e, Moers;2022-05-28 09:00:00 +0200;Saturday;405;13;partly-cloudy-day;195;210;388;17;186;202;9;8
Steinstra�e, Moers;2022-05-28 10:00:00 +0200;Saturday;999;14;partly-cloudy-day;507;492;961;38;487;474;20;18
Steinstra�e, Moers;2022-05-28 11:00:00 +0200;Saturday;1846;14;partly-cloudy-day;879;967;1776;70;840;936;39;31
Steinstra�e, Moers;2022-05-28 12:00:00 +0200;Saturday;2262;15;partly-cloudy-day;1192;1070;2174;88;1133;1041;59;29
Steinstra�e, Moers;2022-05-28 13:00:00 +0200;Saturday;2147;16;partly-cloudy-day;1118;1029;2061;86;1065;996;53;33
Steinstra�e, Moers;2022-05-28 14:00:00 +0200;Saturday;2132;16;partly-cloudy-day;1134;998;2056;76;1089;967;45;31
Steinstra�e, Moers;2022-05-28 15:00:00 +0200;Saturday;2087;17;partly-cloudy-day;1058;1029;1991;96;1011;980;47;49
Steinstra�e, Moers;2022-05-28 16:00:00 +0200;Saturday;1944;17;partly-cloudy-day;995;949;1837;107;936;901;59;48
Steinstra�e, Moers;2022-05-28 17:00:00 +0200;Saturday;1481;16;partly-cloudy-day;747;734;1403;78;703;700;44;34
Steinstra�e, Moers;2022-05-28 18:00:00 +0200;Saturday;814;16;partly-cloudy-day;407;407;777;37;387;390;20;17
Steinstra�e, Moers;2022-05-28 19:00:00 +0200;Saturday;277;15;partly-cloudy-day;143;134;266;11;141;125;2;9
Steinstra�e, Moers;2022-05-28 20:00:00 +0200;Saturday;193;15;partly-cloudy-day;86;107;192;1;86;106;0;1
Steinstra�e, Moers;2022-05-28 21:00:00 +0200;Saturday;158;14;clear-day;52;106;157;1;51;106;1;0
Steinstra�e, Moers;2022-05-28 22:00:00 +0200;Saturday;126;12;clear-night;52;74;125;1;51;74;1;0
Steinstra�e, Moers;2022-05-28 23:00:00 +0200;Saturday;56;10;clear-night;18;38;54;2;16;38;2;0
Steinstra�e, Moers;2022-05-29 00:00:00 +0200;Sunday;47;9;clear-night;19;28;45;2;18;27;1;1
Steinstra�e, Moers;2022-05-29 01:00:00 +0200;Sunday;7;8;clear-night;2;5;7;0;2;5;0;0
Steinstra�e, Moers;2022-05-29 02:00:00 +0200;Sunday;9;8;clear-night;5;4;9;0;5;4;0;0
Steinstra�e, Moers;2022-05-29 03:00:00 +0200;Sunday;4;7;clear-night;1;3;4;0;1;3;0;0
Steinstra�e, Moers;2022-05-29 04:00:00 +0200;Sunday;3;6;clear-night;2;1;3;0;2;1;0;0
Steinstra�e, Moers;2022-05-29 05:00:00 +0200;Sunday;7;6;partly-cloudy-night;6;1;7;0;6;1;0;0
Steinstra�e, Moers;2022-05-29 06:00:00 +0200;Sunday;5;7;partly-cloudy-day;4;1;5;0;4;1;0;0
Steinstra�e, Moers;2022-05-29 07:00:00 +0200;Sunday;29;7;partly-cloudy-day;16;13;27;2;15;12;1;1
Steinstra�e, Moers;2022-05-29 08:00:00 +0200;Sunday;31;8;partly-cloudy-day;14;17;31;0;14;17;0;0
Steinstra�e, Moers;2022-05-29 09:00:00 +0200;Sunday;82;9;rain;60;22;77;5;56;21;4;1
Steinstra�e, Moers;2022-05-29 10:00:00 +0200;Sunday;98;10;rain;51;47;95;3;50;45;1;2
Steinstra�e, Moers;2022-05-29 11:00:00 +0200;Sunday;146;11;rain;74;72;143;3;72;71;2;1
Steinstra�e, Moers;2022-05-29 12:00:00 +0200;Sunday;191;11;rain;109;82;184;7;105;79;4;3
Steinstra�e, Moers;2022-05-29 13:00:00 +0200;Sunday;214;12;rain;114;100;212;2;112;100;2;0
Steinstra�e, Moers;2022-05-29 14:00:00 +0200;Sunday;301;12;rain;146;155;297;4;143;154;3;1
Steinstra�e, Moers;2022-05-29 15:00:00 +0200;Sunday;278;13;rain;142;136;263;15;136;127;6;9
Steinstra�e, Moers;2022-05-29 16:00:00 +0200;Sunday;322;13;rain;152;170;309;13;142;167;10;3
Steinstra�e, Moers;2022-05-29 17:00:00 +0200;Sunday;294;13;rain;146;148;284;10;138;146;8;2
Steinstra�e, Moers;2022-05-29 18:00:00 +0200;Sunday;202;13;rain;90;112;197;5;87;110;3;2
Steinstra�e, Moers;2022-05-29 19:00:00 +0200;Sunday;145;13;cloudy;59;86;141;4;57;84;2;2
Steinstra�e, Moers;2022-05-29 20:00:00 +0200;Sunday;102;13;partly-cloudy-day;40;62;97;5;39;58;1;4
Steinstra�e, Moers;2022-05-29 21:00:00 +0200;Sunday;78;12;partly-cloudy-day;38;40;76;2;37;39;1;1
Steinstra�e, Moers;2022-05-29 22:00:00 +0200;Sunday;47;11;partly-cloudy-night;22;25;47;0;22;25;0;0
Steinstra�e, Moers;2022-05-29 23:00:00 +0200;Sunday;11;10;partly-cloudy-night;5;6;11;0;5;6;0;0
Steinstra�e, Moers;2022-05-30 00:00:00 +0200;Monday;6;9;partly-cloudy-night;4;2;6;0;4;2;0;0
Steinstra�e, Moers;2022-05-30 01:00:00 +0200;Monday;7;9;cloudy;7;0;6;1;6;0;1;0
Steinstra�e, Moers;2022-05-30 02:00:00 +0200;Monday;3;9;partly-cloudy-night;2;1;3;0;2;1;0;0
Steinstra�e, Moers;2022-05-30 03:00:00 +0200;Monday;0;8;partly-cloudy-night;0;0;0;0;0;0;0;0
Steinstra�e, Moers;2022-05-30 04:00:00 +0200;Monday;11;8;partly-cloudy-night;2;9;11;0;2;9;0;0
Steinstra�e, Moers;2022-05-30 05:00:00 +0200;Monday;8;7;partly-cloudy-night;4;4;8;0;4;4;0;0
Steinstra�e, Moers;2022-05-30 06:00:00 +0200;Monday;73;6;partly-cloudy-day;44;29;71;2;42;29;2;0
Steinstra�e, Moers;2022-05-30 07:00:00 +0200;Monday;141;7;partly-cloudy-day;71;70;134;7;69;65;2;5
Steinstra�e, Moers;2022-05-30 08:00:00 +0200;Monday;249;9;cloudy;150;99;235;14;142;93;8;6
Steinstra�e, Moers;2022-05-30 09:00:00 +0200;Monday;626;10;cloudy;338;288;600;26;322;278;16;10
Steinstra�e, Moers;2022-05-30 10:00:00 +0200;Monday;1146;11;partly-cloudy-day;568;578;1094;52;541;553;27;25
Steinstra�e, Moers;2022-05-30 11:00:00 +0200;Monday;1260;12;cloudy;634;626;1212;48;609;603;25;23
Steinstra�e, Moers;2022-05-30 12:00:00 +0200;Monday;1358;13;cloudy;694;664;1302;56;667;635;27;29
Steinstra�e, Moers;2022-05-30 13:00:00 +0200;Monday;1288;14;partly-cloudy-day;635;653;1233;55;602;631;33;22
Steinstra�e, Moers;2022-05-30 14:00:00 +0200;Monday;1214;15;partly-cloudy-day;627;587;1166;48;599;567;28;20
Steinstra�e, Moers;2022-05-30 15:00:00 +0200;Monday;1389;15;cloudy;669;720;1328;61;638;690;31;30
Steinstra�e, Moers;2022-05-30 16:00:00 +0200;Monday;1308;15;cloudy;625;683;1235;73;587;648;38;35
Steinstra�e, Moers;2022-05-30 17:00:00 +0200;Monday;1238;15;partly-cloudy-day;646;592;1161;77;603;558;43;34
Steinstra�e, Moers;2022-05-30 18:00:00 +0200;Monday;780;15;partly-cloudy-day;424;356;746;34;402;344;22;12
Steinstra�e, Moers;2022-05-30 19:00:00 +0200;Monday;345;15;partly-cloudy-day;193;152;326;19;186;140;7;12
Steinstra�e, Moers;2022-05-30 20:00:00 +0200;Monday;117;15;partly-cloudy-day;51;66;115;2;50;65;1;1
Steinstra�e, Moers;2022-05-30 21:00:00 +0200;Monday;64;14;cloudy;28;36;64;0;28;36;0;0
Steinstra�e, Moers;2022-05-30 22:00:00 +0200;Monday;78;13;cloudy;24;54;76;2;22;54;2;0
Steinstra�e, Moers;2022-05-30 23:00:00 +0200;Monday;30;12;cloudy;18;12;30;0;18;12;0;0
Steinstra�e, Moers;2022-05-31 00:00:00 +0200;Tuesday;17;11;cloudy;12;5;17;0;12;5;0;0
Steinstra�e, Moers;2022-05-31 01:00:00 +0200;Tuesday;7;10;cloudy;5;2;7;0;5;2;0;0
Steinstra�e, Moers;2022-05-31 02:00:00 +0200;Tuesday;0;9;cloudy;0;0;0;0;0;0;0;0
Steinstra�e, Moers;2022-05-31 03:00:00 +0200;Tuesday;1;9;cloudy;1;0;1;0;1;0;0;0
Steinstra�e, Moers;2022-05-31 04:00:00 +0200;Tuesday;9;9;cloudy;1;8;9;0;1;8;0;0
Steinstra�e, Moers;2022-05-31 05:00:00 +0200;Tuesday;12;10;cloudy;6;6;12;0;6;6;0;0
Steinstra�e, Moers;2022-05-31 06:00:00 +0200;Tuesday;43;10;cloudy;26;17;42;1;25;17;1;0
Steinstra�e, Moers;2022-05-31 07:00:00 +0200;Tuesday;189;11;cloudy;104;85;182;7;101;81;3;4
Steinstra�e, Moers;2022-05-31 08:00:00 +0200;Tuesday;356;11;cloudy;178;178;348;8;175;173;3;5
Steinstra�e, Moers;2022-05-31 09:00:00 +0200;Tuesday;547;12;cloudy;272;275;535;12;264;271;8;4
Steinstra�e, Moers;2022-05-31 10:00:00 +0200;Tuesday;1359;13;cloudy;697;662;1292;67;670;622;27;40
Steinstra�e, Moers;2022-05-31 11:00:00 +0200;Tuesday;1645;14;cloudy;817;828;1578;67;781;797;36;31
Steinstra�e, Moers;2022-05-31 12:00:00 +0200;Tuesday;1678;15;cloudy;848;830;1623;55;810;813;38;17
Steinstra�e, Moers;2022-05-31 13:00:00 +0200;Tuesday;1493;18;partly-cloudy-day;709;784;1431;62;679;752;30;32
Steinstra�e, Moers;2022-05-31 14:00:00 +0200;Tuesday;1341;18;cloudy;660;681;1269;72;628;641;32;40
Steinstra�e, Moers;2022-05-31 15:00:00 +0200;Tuesday;1423;19;partly-cloudy-day;717;706;1369;54;689;680;28;26
Steinstra�e, Moers;2022-05-31 16:00:00 +0200;Tuesday;1345;18;cloudy;662;683;1276;69;630;646;32;37
Steinstra�e, Moers;2022-05-31 17:00:00 +0200;Tuesday;1320;19;partly-cloudy-day;670;650;1268;52;644;624;26;26
Steinstra�e, Moers;2022-05-31 18:00:00 +0200;Tuesday;896;21;cloudy;446;450;863;33;428;435;18;15
Steinstra�e, Moers;2022-05-31 19:00:00 +0200;Tuesday;325;20;partly-cloudy-day;171;154;310;15;164;146;7;8
Steinstra�e, Moers;2022-05-31 20:00:00 +0200;Tuesday;159;18;partly-cloudy-day;61;98;158;1;60;98;1;0
Steinstra�e, Moers;2022-05-31 21:00:00 +0200;Tuesday;85;16;partly-cloudy-day;37;48;83;2;35;48;2;0
Steinstra�e, Moers;2022-05-31 22:00:00 +0200;Tuesday;60;14;partly-cloudy-night;11;49;60;0;11;49;0;0
Steinstra�e, Moers;2022-05-31 23:00:00 +0200;Tuesday;13;12;rain;10;3;13;0;10;3;0;0
